record_id,customer_id,site,event_time,metric_type,value,unit
1,C1000,paris,2026-01-01T08:00:00,tickets,3,count
2,C1001,lyon,2026-01-01T08:10:00,tickets,8,count
3,C1002,paris,2026-01-01T08:20:00,sales,714.9,eur
4,C1003,toulouse,2026-01-01T08:30:00,tickets,23,count
5,C1004,paris,2026-01-01T08:40:00,sales,2960.65,eur
6,C1005,lyon,2026-01-01T08:50:00,sales,486.6,eur
7,C1006,paris,2026-01-01T09:00:00,tickets,19,count
8,C1007,toulouse,2026-01-01T09:10:00,tickets,6,count
9,C1008,lille,2026-01-01T09:20:00,returns,7,count
10,C1009,paris,2026-01-01T09:30:00,tickets,8,count
11,C1010,grenoble,2026-01-01T09:40:00,sales,3496.73,eur
12,C1011,lyon,2026-01-01T09:50:00,returns,4,count
13,C1012,paris,2026-01-01T10:00:00,returns,3,count
14,C1013,grenoble,2026-01-01T10:10:00,returns,3,count
15,C1014,grenoble,2026-01-01T10:20:00,returns,19,count
16,C1015,toulouse,2026-01-01T10:30:00,sales,3654.06,eur
17,C1016,lille,2026-01-01T10:40:00,sales,4866.12,eur
18,C1017,toulouse,2026-01-01T10:50:00,sales,2769.16,eur
19,C1018,lyon,2026-01-01T11:00:00,returns,18,count
20,C1019,paris,2026-01-01T11:10:00,tickets,2,count
21,C1020,grenoble,2026-01-01T11:20:00,tickets,7,count
22,C1021,paris,2026-01-01T11:30:00,sales,4279.48,eur
23,C1022,lille,2026-01-01T11:40:00,returns,8,count
24,C1023,grenoble,2026-01-01T11:50:00,tickets,26,count
25,C1024,lyon,2026-01-01T12:00:00,sales,1863.5,eur
26,C1025,paris,2026-01-01T12:10:00,tickets,8,count
27,C1026,lyon,2026-01-01T12:20:00,tickets,20,count
28,C1027,lyon,2026-01-01T12:30:00,tickets,23,count
29,C1028,grenoble,2026-01-01T12:40:00,sales,2322.06,eur
30,C1029,toulouse,2026-01-01T12:50:00,tickets,22,count
31,C1030,paris,2026-01-01T13:00:00,sales,3429.38,eur
32,C1031,grenoble,2026-01-01T13:10:00,sales,4112.58,eur
33,C1032,paris,2026-01-01T13:20:00,returns,8,count
34,C1033,toulouse,2026-01-01T13:30:00,sales,4567.42,eur
35,C1034,lyon,2026-01-01T13:40:00,tickets,10,count
36,C1035,lille,2026-01-01T13:50:00,tickets,15,count
37,C1036,lyon,2026-01-01T14:00:00,tickets,14,count
38,C1037,lyon,2026-01-01T14:10:00,returns,4,count
39,C1038,toulouse,2026-01-01T14:20:00,tickets,17,count
40,C1039,toulouse,2026-01-01T14:30:00,returns,23,count
41,C1040,toulouse,2026-01-01T14:40:00,returns,28,count
42,C1041,lyon,2026-01-01T14:50:00,returns,11,count
43,C1042,paris,2026-01-01T15:00:00,sales,2557.44,eur
44,C1043,lyon,2026-01-01T15:10:00,sales,4308.29,eur
45,C1044,lille,2026-01-01T15:20:00,tickets,5,count
46,C1045,lille,2026-01-01T15:30:00,tickets,2,count
47,C1046,lille,2026-01-01T15:40:00,returns,19,count
48,C1047,toulouse,2026-01-01T15:50:00,tickets,8,count
49,C1048,paris,2026-01-01T16:00:00,sales,3407.81,eur
50,C1049,toulouse,2026-01-01T16:10:00,tickets,28,count
51,C1050,grenoble,2026-01-01T16:20:00,returns,24,count
52,C1051,lyon,2026-01-01T16:30:00,sales,1481.63,eur
53,C1052,grenoble,2026-01-01T16:40:00,returns,0,count
54,C1053,lyon,2026-01-01T16:50:00,tickets,24,count
55,C1054,paris,2026-01-01T17:00:00,tickets,29,count
56,C1055,toulouse,2026-01-01T17:10:00,tickets,9,count
57,C1056,lyon,2026-01-01T17:20:00,tickets,6,count
58,C1057,lyon,2026-01-01T17:30:00,returns,24,count
59,C1058,toulouse,2026-01-01T17:40:00,tickets,30,count
60,C1059,lille,2026-01-01T17:50:00,sales,3002.74,eur
61,C1060,grenoble,2026-01-01T18:00:00,sales,577.1,eur
62,C1061,paris,2026-01-01T18:10:00,returns,7,count
63,C1062,paris,2026-01-01T18:20:00,sales,4392.49,eur
64,C1063,paris,2026-01-01T18:30:00,sales,3664.9,eur
65,C1064,lyon,2026-01-01T18:40:00,tickets,24,count
66,C1065,toulouse,2026-01-01T18:50:00,sales,3305.56,eur
67,C1066,toulouse,2026-01-01T19:00:00,sales,1339.98,eur
68,C1067,lyon,2026-01-01T19:10:00,returns,30,count
69,C1068,lyon,2026-01-01T19:20:00,tickets,24,count
70,C1069,lille,2026-01-01T19:30:00,tickets,9,count
71,C1070,grenoble,2026-01-01T19:40:00,tickets,20,count
72,C1071,toulouse,2026-01-01T19:50:00,returns,28,count
73,C1072,lyon,2026-01-01T20:00:00,returns,3,count
74,C1073,paris,2026-01-01T20:10:00,sales,338.85,eur
75,C1074,lyon,2026-01-01T20:20:00,tickets,17,count
76,C1075,paris,2026-01-01T20:30:00,tickets,7,count
77,C1076,paris,2026-01-01T20:40:00,sales,3545.05,eur
78,C1077,paris,2026-01-01T20:50:00,sales,355.65,eur
79,C1078,toulouse,2026-01-01T21:00:00,returns,2,count
80,C1079,lille,2026-01-01T21:10:00,sales,1406.82,eur
81,C1080,toulouse,2026-01-01T21:20:00,sales,2705.38,eur
82,C1081,lyon,2026-01-01T21:30:00,tickets,15,count
83,C1082,lille,2026-01-01T21:40:00,returns,25,count
84,C1083,lille,2026-01-01T21:50:00,sales,489.74,eur
85,C1084,lille,2026-01-01T22:00:00,returns,13,count
86,C1085,paris,2026-01-01T22:10:00,returns,27,count
87,C1086,paris,2026-01-01T22:20:00,tickets,20,count
88,C1087,grenoble,2026-01-01T22:30:00,sales,2025.05,eur
89,C1088,lyon,2026-01-01T22:40:00,sales,1258.31,eur
90,C1089,lyon,2026-01-01T22:50:00,tickets,14,count
91,C1090,grenoble,2026-01-01T23:00:00,returns,5,count
92,C1091,paris,2026-01-01T23:10:00,returns,7,count
93,C1092,toulouse,2026-01-01T23:20:00,returns,25,count
94,C1093,toulouse,2026-01-01T23:30:00,sales,271.93,eur
95,C1094,lyon,2026-01-01T23:40:00,sales,4845.6,eur
96,C1095,lille,2026-01-01T23:50:00,sales,2043.94,eur
97,C1096,paris,2026-01-02T00:00:00,sales,4325.96,eur
98,C1097,lille,2026-01-02T00:10:00,sales,1907.29,eur
99,C1098,lille,2026-01-02T00:20:00,returns,29,count
100,C1099,toulouse,2026-01-02T00:30:00,returns,13,count
101,C1100,lille,2026-01-02T00:40:00,tickets,22,count
102,C1101,lyon,2026-01-02T00:50:00,sales,965.69,eur
103,C1102,toulouse,2026-01-02T01:00:00,sales,2904.32,eur
104,C1103,paris,2026-01-02T01:10:00,sales,3744.92,eur
105,C1104,toulouse,2026-01-02T01:20:00,sales,2929.2,eur
106,C1105,paris,2026-01-02T01:30:00,tickets,5,count
107,C1106,lyon,2026-01-02T01:40:00,tickets,2,count
108,C1107,lyon,2026-01-02T01:50:00,sales,2983.27,eur
109,C1108,toulouse,2026-01-02T02:00:00,returns,3,count
110,C1109,paris,2026-01-02T02:10:00,sales,2903.02,eur
111,C1110,lille,2026-01-02T02:20:00,tickets,2,count
112,C1111,toulouse,2026-01-02T02:30:00,tickets,18,count
113,C1112,grenoble,2026-01-02T02:40:00,tickets,10,count
114,C1113,grenoble,2026-01-02T02:50:00,sales,3355.24,eur
115,C1114,lyon,2026-01-02T03:00:00,sales,1342.76,eur
116,C1115,grenoble,2026-01-02T03:10:00,tickets,20,count
117,C1116,paris,2026-01-02T03:20:00,returns,10,count
118,C1117,toulouse,2026-01-02T03:30:00,sales,2302.26,eur
119,C1118,lyon,2026-01-02T03:40:00,sales,384.84,eur
120,C1119,lyon,2026-01-02T03:50:00,tickets,8,count
121,C1120,paris,2026-01-02T04:00:00,returns,28,count
122,C1121,lyon,2026-01-02T04:10:00,sales,1860.24,eur
123,C1122,toulouse,2026-01-02T04:20:00,returns,26,count
124,C1123,toulouse,2026-01-02T04:30:00,tickets,9,count
125,C1124,paris,2026-01-02T04:40:00,tickets,16,count
126,C1125,toulouse,2026-01-02T04:50:00,tickets,26,count
127,C1126,paris,2026-01-02T05:00:00,returns,29,count
128,C1127,paris,2026-01-02T05:10:00,sales,1337.04,eur
129,C1128,lyon,2026-01-02T05:20:00,tickets,17,count
130,C1129,toulouse,2026-01-02T05:30:00,returns,9,count
131,C1130,lyon,2026-01-02T05:40:00,sales,3593.71,eur
132,C1131,grenoble,2026-01-02T05:50:00,tickets,20,count
133,C1132,grenoble,2026-01-02T06:00:00,tickets,15,count
134,C1133,lille,2026-01-02T06:10:00,sales,479.65,eur
135,C1134,paris,2026-01-02T06:20:00,returns,1,count
136,C1135,lyon,2026-01-02T06:30:00,returns,24,count
137,C1136,lyon,2026-01-02T06:40:00,tickets,8,count
138,C1137,toulouse,2026-01-02T06:50:00,tickets,14,count
139,C1138,toulouse,2026-01-02T07:00:00,tickets,13,count
140,C1139,lyon,2026-01-02T07:10:00,sales,577.13,eur
141,C1140,grenoble,2026-01-02T07:20:00,tickets,1,count
142,C1141,lyon,2026-01-02T07:30:00,tickets,17,count
143,C1142,paris,2026-01-02T07:40:00,returns,4,count
144,C1143,paris,2026-01-02T07:50:00,returns,11,count
145,C1144,lyon,2026-01-02T08:00:00,returns,6,count
146,C1145,grenoble,2026-01-02T08:10:00,tickets,3,count
147,C1146,lille,2026-01-02T08:20:00,tickets,28,count
148,C1147,lyon,2026-01-02T08:30:00,tickets,23,count
149,C1148,lyon,2026-01-02T08:40:00,sales,4325.74,eur
150,C1149,lyon,2026-01-02T08:50:00,returns,0,count
151,C1150,grenoble,2026-01-02T09:00:00,tickets,29,count
152,C1151,lyon,2026-01-02T09:10:00,returns,25,count
153,C1152,paris,2026-01-02T09:20:00,returns,5,count
154,C1153,paris,2026-01-02T09:30:00,returns,27,count
155,C1154,lyon,2026-01-02T09:40:00,returns,7,count
156,C1155,grenoble,2026-01-02T09:50:00,returns,11,count
157,C1156,lyon,2026-01-02T10:00:00,sales,1130.16,eur
158,C1157,grenoble,2026-01-02T10:10:00,returns,10,count
159,C1158,grenoble,2026-01-02T10:20:00,sales,4835.11,eur
160,C1159,toulouse,2026-01-02T10:30:00,returns,20,count
161,C1160,toulouse,2026-01-02T10:40:00,returns,21,count
162,C1161,paris,2026-01-02T10:50:00,returns,30,count
163,C1162,grenoble,2026-01-02T11:00:00,sales,4387.65,eur
164,C1163,grenoble,2026-01-02T11:10:00,sales,2911.34,eur
165,C1164,lille,2026-01-02T11:20:00,sales,559.84,eur
166,C1165,grenoble,2026-01-02T11:30:00,returns,23,count
167,C1166,toulouse,2026-01-02T11:40:00,returns,19,count
168,C1167,toulouse,2026-01-02T11:50:00,sales,1938.27,eur
169,C1168,lille,2026-01-02T12:00:00,sales,1288.52,eur
170,C1169,toulouse,2026-01-02T12:10:00,sales,2609.2,eur
171,C1170,lyon,2026-01-02T12:20:00,tickets,23,count
172,C1171,paris,2026-01-02T12:30:00,returns,13,count
173,C1172,grenoble,2026-01-02T12:40:00,tickets,29,count
174,C1173,paris,2026-01-02T12:50:00,tickets,10,count
175,C1174,grenoble,2026-01-02T13:00:00,tickets,28,count
176,C1175,lille,2026-01-02T13:10:00,tickets,9,count
177,C1176,grenoble,2026-01-02T13:20:00,returns,12,count
178,C1177,lyon,2026-01-02T13:30:00,tickets,4,count
179,C1178,lille,2026-01-02T13:40:00,returns,21,count
180,C1179,lyon,2026-01-02T13:50:00,tickets,23,count
181,C1180,grenoble,2026-01-02T14:00:00,tickets,18,count
182,C1181,paris,2026-01-02T14:10:00,returns,17,count
183,C1182,lyon,2026-01-02T14:20:00,returns,9,count
184,C1183,toulouse,2026-01-02T14:30:00,returns,25,count
185,C1184,grenoble,2026-01-02T14:40:00,tickets,20,count
186,C1185,lille,2026-01-02T14:50:00,returns,14,count
187,C1186,toulouse,2026-01-02T15:00:00,tickets,6,count
188,C1187,lyon,2026-01-02T15:10:00,returns,25,count
189,C1188,grenoble,2026-01-02T15:20:00,tickets,2,count
190,C1189,toulouse,2026-01-02T15:30:00,tickets,21,count
191,C1190,lyon,2026-01-02T15:40:00,returns,2,count
192,C1191,lyon,2026-01-02T15:50:00,tickets,9,count
193,C1192,paris,2026-01-02T16:00:00,sales,753.82,eur
194,C1193,toulouse,2026-01-02T16:10:00,sales,4920.0,eur
195,C1194,toulouse,2026-01-02T16:20:00,sales,2287.97,eur
196,C1195,lille,2026-01-02T16:30:00,sales,3597.36,eur
197,C1196,lyon,2026-01-02T16:40:00,returns,12,count
198,C1197,paris,2026-01-02T16:50:00,sales,3287.17,eur
199,C1198,lyon,2026-01-02T17:00:00,sales,3896.53,eur
200,C1199,toulouse,2026-01-02T17:10:00,sales,4024.47,eur
201,C1200,toulouse,2026-01-02T17:20:00,returns,1,count
202,C1201,paris,2026-01-02T17:30:00,sales,4589.0,eur
203,C1202,lille,2026-01-02T17:40:00,returns,4,count
204,C1203,toulouse,2026-01-02T17:50:00,tickets,16,count
205,C1204,lille,2026-01-02T18:00:00,tickets,10,count
206,C1205,toulouse,2026-01-02T18:10:00,tickets,26,count
207,C1206,toulouse,2026-01-02T18:20:00,returns,26,count
208,C1207,lyon,2026-01-02T18:30:00,returns,28,count
209,C1208,lille,2026-01-02T18:40:00,tickets,27,count
210,C1209,lyon,2026-01-02T18:50:00,returns,8,count
211,C1210,toulouse,2026-01-02T19:00:00,tickets,8,count
212,C1211,lyon,2026-01-02T19:10:00,returns,20,count
213,C1212,paris,2026-01-02T19:20:00,returns,14,count
214,C1213,lyon,2026-01-02T19:30:00,tickets,9,count
215,C1214,grenoble,2026-01-02T19:40:00,returns,10,count
216,C1215,lyon,2026-01-02T19:50:00,tickets,2,count
217,C1216,lyon,2026-01-02T20:00:00,sales,1171.68,eur
218,C1217,paris,2026-01-02T20:10:00,tickets,6,count
219,C1218,grenoble,2026-01-02T20:20:00,returns,13,count
220,C1219,lille,2026-01-02T20:30:00,tickets,14,count
221,C1220,lille,2026-01-02T20:40:00,sales,1050.04,eur
222,C1221,toulouse,2026-01-02T20:50:00,returns,28,count
223,C1222,toulouse,2026-01-02T21:00:00,tickets,0,count
224,C1223,paris,2026-01-02T21:10:00,returns,15,count
225,C1224,lille,2026-01-02T21:20:00,returns,9,count
226,C1225,toulouse,2026-01-02T21:30:00,returns,17,count
227,C1226,lyon,2026-01-02T21:40:00,tickets,28,count
228,C1227,grenoble,2026-01-02T21:50:00,returns,7,count
229,C1228,paris,2026-01-02T22:00:00,returns,15,count
230,C1229,lille,2026-01-02T22:10:00,returns,10,count
231,C1230,lille,2026-01-02T22:20:00,tickets,5,count
232,C1231,toulouse,2026-01-02T22:30:00,sales,4904.0,eur
233,C1232,toulouse,2026-01-02T22:40:00,sales,4536.51,eur
234,C1233,paris,2026-01-02T22:50:00,tickets,21,count
235,C1234,lyon,2026-01-02T23:00:00,sales,3220.89,eur
236,C1235,paris,2026-01-02T23:10:00,returns,5,count
237,C1236,grenoble,2026-01-02T23:20:00,returns,12,count
238,C1237,grenoble,2026-01-02T23:30:00,sales,2284.4,eur
239,C1238,lille,2026-01-02T23:40:00,returns,8,count
240,C1239,paris,2026-01-02T23:50:00,returns,26,count
241,C1240,toulouse,2026-01-03T00:00:00,returns,0,count
242,C1241,grenoble,2026-01-03T00:10:00,sales,4999.54,eur
243,C1242,paris,2026-01-03T00:20:00,sales,3257.72,eur
244,C1243,lyon,2026-01-03T00:30:00,sales,4749.07,eur
245,C1244,lyon,2026-01-03T00:40:00,sales,3114.25,eur
246,C1245,paris,2026-01-03T00:50:00,sales,2378.33,eur
247,C1246,lyon,2026-01-03T01:00:00,tickets,30,count
248,C1247,grenoble,2026-01-03T01:10:00,returns,22,count
249,C1248,toulouse,2026-01-03T01:20:00,returns,5,count
250,C1249,paris,2026-01-03T01:30:00,tickets,30,count
251,C1250,paris,2026-01-03T01:40:00,sales,4824.31,eur
252,C1251,grenoble,2026-01-03T01:50:00,tickets,0,count
253,C1252,lille,2026-01-03T02:00:00,tickets,21,count
254,C1253,lyon,2026-01-03T02:10:00,returns,30,count
255,C1254,lyon,2026-01-03T02:20:00,sales,2968.65,eur
256,C1255,grenoble,2026-01-03T02:30:00,sales,3492.02,eur
257,C1256,paris,2026-01-03T02:40:00,tickets,19,count
258,C1257,paris,2026-01-03T02:50:00,tickets,25,count
259,C1258,lille,2026-01-03T03:00:00,returns,17,count
260,C1259,paris,2026-01-03T03:10:00,tickets,11,count
261,C1260,grenoble,2026-01-03T03:20:00,tickets,20,count
262,C1261,lille,2026-01-03T03:30:00,sales,4250.89,eur
263,C1262,grenoble,2026-01-03T03:40:00,sales,2178.95,eur
264,C1263,lille,2026-01-03T03:50:00,tickets,28,count
265,C1264,lille,2026-01-03T04:00:00,tickets,4,count
266,C1265,grenoble,2026-01-03T04:10:00,sales,3674.3,eur
267,C1266,toulouse,2026-01-03T04:20:00,tickets,25,count
268,C1267,lille,2026-01-03T04:30:00,returns,14,count
269,C1268,grenoble,2026-01-03T04:40:00,tickets,18,count
270,C1269,lyon,2026-01-03T04:50:00,returns,27,count
271,C1270,lille,2026-01-03T05:00:00,sales,1409.06,eur
272,C1271,toulouse,2026-01-03T05:10:00,sales,3757.37,eur
273,C1272,lille,2026-01-03T05:20:00,tickets,21,count
274,C1273,lille,2026-01-03T05:30:00,returns,0,count
275,C1274,lille,2026-01-03T05:40:00,returns,5,count
276,C1275,grenoble,2026-01-03T05:50:00,sales,1787.03,eur
277,C1276,toulouse,2026-01-03T06:00:00,returns,8,count
278,C1277,grenoble,2026-01-03T06:10:00,tickets,28,count
279,C1278,toulouse,2026-01-03T06:20:00,tickets,0,count
280,C1279,lille,2026-01-03T06:30:00,sales,446.35,eur
281,C1280,lyon,2026-01-03T06:40:00,returns,17,count
282,C1281,lille,2026-01-03T06:50:00,tickets,15,count
283,C1282,paris,2026-01-03T07:00:00,returns,25,count
284,C1283,lille,2026-01-03T07:10:00,sales,1485.29,eur
285,C1284,grenoble,2026-01-03T07:20:00,tickets,7,count
286,C1285,grenoble,2026-01-03T07:30:00,tickets,18,count
287,C1286,toulouse,2026-01-03T07:40:00,returns,17,count
288,C1287,toulouse,2026-01-03T07:50:00,returns,13,count
289,C1288,lille,2026-01-03T08:00:00,returns,11,count
290,C1289,grenoble,2026-01-03T08:10:00,returns,9,count
291,C1290,lyon,2026-01-03T08:20:00,sales,620.87,eur
292,C1291,toulouse,2026-01-03T08:30:00,returns,3,count
293,C1292,lyon,2026-01-03T08:40:00,tickets,5,count
294,C1293,grenoble,2026-01-03T08:50:00,sales,3698.25,eur
295,C1294,toulouse,2026-01-03T09:00:00,tickets,18,count
296,C1295,paris,2026-01-03T09:10:00,tickets,9,count
297,C1296,grenoble,2026-01-03T09:20:00,sales,1495.31,eur
298,C1297,toulouse,2026-01-03T09:30:00,sales,1525.29,eur
299,C1298,paris,2026-01-03T09:40:00,sales,1386.07,eur
300,C1299,lyon,2026-01-03T09:50:00,tickets,9,count
301,C1300,lille,2026-01-03T10:00:00,tickets,27,count
302,C1301,toulouse,2026-01-03T10:10:00,sales,4366.14,eur
303,C1302,lille,2026-01-03T10:20:00,returns,15,count
304,C1303,lyon,2026-01-03T10:30:00,returns,10,count
305,C1304,lille,2026-01-03T10:40:00,sales,1277.34,eur
306,C1305,lille,2026-01-03T10:50:00,sales,4114.14,eur
307,C1306,toulouse,2026-01-03T11:00:00,returns,2,count
308,C1307,paris,2026-01-03T11:10:00,tickets,21,count
309,C1308,toulouse,2026-01-03T11:20:00,sales,763.0,eur
310,C1309,lyon,2026-01-03T11:30:00,returns,2,count
311,C1310,lille,2026-01-03T11:40:00,sales,2799.2,eur
312,C1311,toulouse,2026-01-03T11:50:00,tickets,19,count
313,C1312,lille,2026-01-03T12:00:00,sales,3882.95,eur
314,C1313,lille,2026-01-03T12:10:00,returns,29,count
315,C1314,toulouse,2026-01-03T12:20:00,returns,27,count
316,C1315,toulouse,2026-01-03T12:30:00,returns,9,count
317,C1316,toulouse,2026-01-03T12:40:00,tickets,1,count
318,C1317,lyon,2026-01-03T12:50:00,tickets,3,count
319,C1318,grenoble,2026-01-03T13:00:00,tickets,6,count
320,C1319,lyon,2026-01-03T13:10:00,tickets,2,count
321,C1320,paris,2026-01-03T13:20:00,sales,885.59,eur
322,C1321,lille,2026-01-03T13:30:00,sales,33.33,eur
323,C1322,lille,2026-01-03T13:40:00,tickets,19,count
324,C1323,lyon,2026-01-03T13:50:00,returns,1,count
325,C1324,grenoble,2026-01-03T14:00:00,returns,22,count
326,C1325,lille,2026-01-03T14:10:00,tickets,27,count
327,C1326,grenoble,2026-01-03T14:20:00,sales,3443.18,eur
328,C1327,lyon,2026-01-03T14:30:00,tickets,18,count
329,C1328,toulouse,2026-01-03T14:40:00,returns,3,count
330,C1329,grenoble,2026-01-03T14:50:00,sales,3245.22,eur
331,C1330,lyon,2026-01-03T15:00:00,sales,375.62,eur
332,C1331,toulouse,2026-01-03T15:10:00,returns,19,count
333,C1332,paris,2026-01-03T15:20:00,returns,14,count
334,C1333,grenoble,2026-01-03T15:30:00,returns,22,count
335,C1334,grenoble,2026-01-03T15:40:00,tickets,12,count
336,C1335,lille,2026-01-03T15:50:00,tickets,17,count
337,C1336,toulouse,2026-01-03T16:00:00,returns,2,count
338,C1337,grenoble,2026-01-03T16:10:00,sales,4449.33,eur
339,C1338,paris,2026-01-03T16:20:00,tickets,8,count
340,C1339,toulouse,2026-01-03T16:30:00,sales,1160.04,eur
341,C1340,paris,2026-01-03T16:40:00,tickets,30,count
342,C1341,grenoble,2026-01-03T16:50:00,tickets,26,count
343,C1342,lyon,2026-01-03T17:00:00,tickets,1,count
344,C1343,lille,2026-01-03T17:10:00,returns,16,count
345,C1344,toulouse,2026-01-03T17:20:00,returns,5,count
346,C1345,lille,2026-01-03T17:30:00,returns,20,count
347,C1346,lille,2026-01-03T17:40:00,sales,2360.65,eur
348,C1347,paris,2026-01-03T17:50:00,returns,10,count
349,C1348,lille,2026-01-03T18:00:00,sales,1662.42,eur
350,C1349,lille,2026-01-03T18:10:00,returns,21,count
351,C1350,lille,2026-01-03T18:20:00,tickets,1,count
352,C1351,grenoble,2026-01-03T18:30:00,sales,1586.3,eur
353,C1352,lille,2026-01-03T18:40:00,sales,4851.52,eur
354,C1353,paris,2026-01-03T18:50:00,tickets,26,count
355,C1354,toulouse,2026-01-03T19:00:00,tickets,27,count
356,C1355,paris,2026-01-03T19:10:00,returns,13,count
357,C1356,toulouse,2026-01-03T19:20:00,sales,2601.83,eur
358,C1357,lille,2026-01-03T19:30:00,returns,20,count
359,C1358,toulouse,2026-01-03T19:40:00,sales,1033.72,eur
360,C1359,lille,2026-01-03T19:50:00,sales,4639.81,eur
361,C1360,paris,2026-01-03T20:00:00,tickets,15,count
362,C1361,toulouse,2026-01-03T20:10:00,sales,4866.27,eur
363,C1362,grenoble,2026-01-03T20:20:00,sales,3554.72,eur
364,C1363,toulouse,2026-01-03T20:30:00,tickets,0,count
365,C1364,lyon,2026-01-03T20:40:00,returns,2,count
366,C1365,paris,2026-01-03T20:50:00,sales,2318.01,eur
367,C1366,lyon,2026-01-03T21:00:00,tickets,26,count
368,C1367,grenoble,2026-01-03T21:10:00,returns,29,count
369,C1368,grenoble,2026-01-03T21:20:00,tickets,22,count
370,C1369,lille,2026-01-03T21:30:00,returns,26,count
371,C1370,lille,2026-01-03T21:40:00,returns,7,count
372,C1371,lille,2026-01-03T21:50:00,tickets,4,count
373,C1372,toulouse,2026-01-03T22:00:00,sales,4610.9,eur
374,C1373,lyon,2026-01-03T22:10:00,tickets,28,count
375,C1374,lille,2026-01-03T22:20:00,sales,1395.71,eur
376,C1375,toulouse,2026-01-03T22:30:00,returns,29,count
377,C1376,paris,2026-01-03T22:40:00,returns,26,count
378,C1377,grenoble,2026-01-03T22:50:00,returns,23,count
379,C1378,lille,2026-01-03T23:00:00,tickets,18,count
380,C1379,lille,2026-01-03T23:10:00,sales,2243.81,eur
381,C1380,toulouse,2026-01-03T23:20:00,returns,10,count
382,C1381,lille,2026-01-03T23:30:00,tickets,12,count
383,C1382,lyon,2026-01-03T23:40:00,returns,27,count
384,C1383,toulouse,2026-01-03T23:50:00,tickets,7,count
385,C1384,lille,2026-01-04T00:00:00,returns,7,count
386,C1385,lille,2026-01-04T00:10:00,sales,1604.52,eur
387,C1386,lille,2026-01-04T00:20:00,tickets,29,count
388,C1387,lyon,2026-01-04T00:30:00,returns,21,count
389,C1388,paris,2026-01-04T00:40:00,returns,30,count
390,C1389,toulouse,2026-01-04T00:50:00,sales,2521.41,eur
391,C1390,paris,2026-01-04T01:00:00,returns,27,count
392,C1391,toulouse,2026-01-04T01:10:00,returns,3,count
393,C1392,lyon,2026-01-04T01:20:00,returns,0,count
394,C1393,lyon,2026-01-04T01:30:00,returns,27,count
395,C1394,grenoble,2026-01-04T01:40:00,sales,2358.06,eur
396,C1395,lille,2026-01-04T01:50:00,returns,19,count
397,C1396,grenoble,2026-01-04T02:00:00,tickets,2,count
398,C1397,toulouse,2026-01-04T02:10:00,tickets,27,count
399,C1398,grenoble,2026-01-04T02:20:00,returns,30,count
400,C1399,lille,2026-01-04T02:30:00,tickets,22,count
401,C1000,toulouse,2026-01-04T02:40:00,tickets,1,count
402,C1001,grenoble,2026-01-04T02:50:00,sales,1189.16,eur
403,C1002,lille,2026-01-04T03:00:00,sales,3738.9,eur
404,C1003,paris,2026-01-04T03:10:00,sales,3806.64,eur
405,C1004,grenoble,2026-01-04T03:20:00,returns,5,count
406,C1005,paris,2026-01-04T03:30:00,sales,249.04,eur
407,C1006,grenoble,2026-01-04T03:40:00,returns,11,count
408,C1007,lyon,2026-01-04T03:50:00,returns,4,count
409,C1008,toulouse,2026-01-04T04:00:00,tickets,13,count
410,C1009,lyon,2026-01-04T04:10:00,tickets,25,count
411,C1010,toulouse,2026-01-04T04:20:00,sales,891.85,eur
412,C1011,lyon,2026-01-04T04:30:00,returns,19,count
413,C1012,toulouse,2026-01-04T04:40:00,returns,29,count
414,C1013,grenoble,2026-01-04T04:50:00,sales,1176.3,eur
415,C1014,paris,2026-01-04T05:00:00,returns,8,count
416,C1015,grenoble,2026-01-04T05:10:00,returns,28,count
417,C1016,lyon,2026-01-04T05:20:00,tickets,17,count
418,C1017,grenoble,2026-01-04T05:30:00,sales,2219.81,eur
419,C1018,lille,2026-01-04T05:40:00,tickets,9,count
420,C1019,lille,2026-01-04T05:50:00,tickets,8,count
421,C1020,lille,2026-01-04T06:00:00,returns,6,count
422,C1021,lyon,2026-01-04T06:10:00,returns,3,count
423,C1022,grenoble,2026-01-04T06:20:00,returns,18,count
424,C1023,grenoble,2026-01-04T06:30:00,tickets,9,count
425,C1024,lille,2026-01-04T06:40:00,sales,4890.16,eur
426,C1025,toulouse,2026-01-04T06:50:00,returns,0,count
427,C1026,paris,2026-01-04T07:00:00,tickets,24,count
428,C1027,lille,2026-01-04T07:10:00,tickets,23,count
429,C1028,lyon,2026-01-04T07:20:00,returns,24,count
430,C1029,grenoble,2026-01-04T07:30:00,tickets,25,count
431,C1030,toulouse,2026-01-04T07:40:00,sales,3190.36,eur
432,C1031,lyon,2026-01-04T07:50:00,returns,21,count
433,C1032,paris,2026-01-04T08:00:00,tickets,3,count
434,C1033,lille,2026-01-04T08:10:00,returns,25,count
435,C1034,lyon,2026-01-04T08:20:00,sales,2906.28,eur
436,C1035,grenoble,2026-01-04T08:30:00,sales,4549.95,eur
437,C1036,lyon,2026-01-04T08:40:00,tickets,13,count
438,C1037,toulouse,2026-01-04T08:50:00,sales,678.16,eur
439,C1038,toulouse,2026-01-04T09:00:00,returns,16,count
440,C1039,lyon,2026-01-04T09:10:00,returns,26,count
441,C1040,lille,2026-01-04T09:20:00,returns,29,count
442,C1041,grenoble,2026-01-04T09:30:00,returns,23,count
443,C1042,paris,2026-01-04T09:40:00,sales,2352.29,eur
444,C1043,lyon,2026-01-04T09:50:00,sales,3775.67,eur
445,C1044,lille,2026-01-04T10:00:00,tickets,23,count
446,C1045,paris,2026-01-04T10:10:00,tickets,11,count
447,C1046,grenoble,2026-01-04T10:20:00,returns,0,count
448,C1047,lille,2026-01-04T10:30:00,tickets,3,count
449,C1048,grenoble,2026-01-04T10:40:00,returns,21,count
450,C1049,grenoble,2026-01-04T10:50:00,tickets,12,count
451,C1050,lille,2026-01-04T11:00:00,sales,3380.69,eur
452,C1051,toulouse,2026-01-04T11:10:00,sales,3105.34,eur
453,C1052,toulouse,2026-01-04T11:20:00,returns,29,count
454,C1053,lille,2026-01-04T11:30:00,sales,3245.31,eur
455,C1054,lille,2026-01-04T11:40:00,tickets,9,count
456,C1055,paris,2026-01-04T11:50:00,sales,716.09,eur
457,C1056,paris,2026-01-04T12:00:00,returns,15,count
458,C1057,toulouse,2026-01-04T12:10:00,sales,1189.3,eur
459,C1058,grenoble,2026-01-04T12:20:00,sales,1955.46,eur
460,C1059,toulouse,2026-01-04T12:30:00,tickets,30,count
461,C1060,lyon,2026-01-04T12:40:00,returns,18,count
462,C1061,paris,2026-01-04T12:50:00,returns,20,count
463,C1062,lille,2026-01-04T13:00:00,returns,19,count
464,C1063,grenoble,2026-01-04T13:10:00,returns,1,count
465,C1064,lyon,2026-01-04T13:20:00,sales,2228.05,eur
466,C1065,grenoble,2026-01-04T13:30:00,returns,3,count
467,C1066,grenoble,2026-01-04T13:40:00,tickets,28,count
468,C1067,lyon,2026-01-04T13:50:00,sales,2002.74,eur
469,C1068,lille,2026-01-04T14:00:00,sales,4746.07,eur
470,C1069,toulouse,2026-01-04T14:10:00,sales,3320.59,eur
471,C1070,grenoble,2026-01-04T14:20:00,sales,271.88,eur
472,C1071,toulouse,2026-01-04T14:30:00,sales,4944.33,eur
473,C1072,toulouse,2026-01-04T14:40:00,sales,361.68,eur
474,C1073,lyon,2026-01-04T14:50:00,sales,2940.19,eur
475,C1074,lyon,2026-01-04T15:00:00,returns,24,count
476,C1075,grenoble,2026-01-04T15:10:00,tickets,0,count
477,C1076,toulouse,2026-01-04T15:20:00,sales,4937.89,eur
478,C1077,lyon,2026-01-04T15:30:00,returns,25,count
479,C1078,paris,2026-01-04T15:40:00,sales,3312.07,eur
480,C1079,lyon,2026-01-04T15:50:00,sales,94.0,eur
481,C1080,paris,2026-01-04T16:00:00,tickets,10,count
482,C1081,lyon,2026-01-04T16:10:00,sales,1341.53,eur
483,C1082,toulouse,2026-01-04T16:20:00,tickets,13,count
484,C1083,lille,2026-01-04T16:30:00,sales,3733.41,eur
485,C1084,grenoble,2026-01-04T16:40:00,returns,24,count
486,C1085,paris,2026-01-04T16:50:00,tickets,18,count
487,C1086,lyon,2026-01-04T17:00:00,returns,16,count
488,C1087,toulouse,2026-01-04T17:10:00,tickets,1,count
489,C1088,paris,2026-01-04T17:20:00,returns,14,count
490,C1089,lille,2026-01-04T17:30:00,sales,4992.96,eur
491,C1090,paris,2026-01-04T17:40:00,returns,21,count
492,C1091,lille,2026-01-04T17:50:00,returns,22,count
493,C1092,grenoble,2026-01-04T18:00:00,sales,4498.35,eur
494,C1093,paris,2026-01-04T18:10:00,tickets,4,count
495,C1094,toulouse,2026-01-04T18:20:00,sales,1389.58,eur
496,C1095,grenoble,2026-01-04T18:30:00,tickets,22,count
497,C1096,toulouse,2026-01-04T18:40:00,returns,19,count
498,C1097,toulouse,2026-01-04T18:50:00,returns,14,count
499,C1098,paris,2026-01-04T19:00:00,tickets,13,count
500,C1099,toulouse,2026-01-04T19:10:00,tickets,3,count
501,C1100,lyon,2026-01-04T19:20:00,tickets,27,count
502,C1101,lyon,2026-01-04T19:30:00,returns,14,count
503,C1102,lille,2026-01-04T19:40:00,returns,10,count
504,C1103,paris,2026-01-04T19:50:00,returns,13,count
505,C1104,grenoble,2026-01-04T20:00:00,returns,13,count
506,C1105,grenoble,2026-01-04T20:10:00,tickets,8,count
507,C1106,lille,2026-01-04T20:20:00,sales,3440.37,eur
508,C1107,paris,2026-01-04T20:30:00,sales,474.3,eur
509,C1108,grenoble,2026-01-04T20:40:00,sales,2170.75,eur
510,C1109,toulouse,2026-01-04T20:50:00,sales,2790.73,eur
511,C1110,grenoble,2026-01-04T21:00:00,tickets,17,count
512,C1111,lille,2026-01-04T21:10:00,tickets,3,count
513,C1112,lille,2026-01-04T21:20:00,returns,27,count
514,C1113,grenoble,2026-01-04T21:30:00,tickets,1,count
515,C1114,grenoble,2026-01-04T21:40:00,tickets,9,count
516,C1115,lyon,2026-01-04T21:50:00,sales,2898.03,eur
517,C1116,lyon,2026-01-04T22:00:00,sales,3290.55,eur
518,C1117,toulouse,2026-01-04T22:10:00,sales,1763.57,eur
519,C1118,grenoble,2026-01-04T22:20:00,returns,3,count
520,C1119,lille,2026-01-04T22:30:00,tickets,7,count
521,C1120,toulouse,2026-01-04T22:40:00,tickets,24,count
522,C1121,toulouse,2026-01-04T22:50:00,tickets,21,count
523,C1122,grenoble,2026-01-04T23:00:00,sales,3052.79,eur
524,C1123,grenoble,2026-01-04T23:10:00,sales,918.47,eur
525,C1124,paris,2026-01-04T23:20:00,returns,11,count
526,C1125,toulouse,2026-01-04T23:30:00,sales,4351.92,eur
527,C1126,paris,2026-01-04T23:40:00,tickets,12,count
528,C1127,paris,2026-01-04T23:50:00,sales,3710.03,eur
529,C1128,lyon,2026-01-05T00:00:00,sales,3735.64,eur
530,C1129,lille,2026-01-05T00:10:00,returns,13,count
531,C1130,grenoble,2026-01-05T00:20:00,returns,5,count
532,C1131,grenoble,2026-01-05T00:30:00,returns,23,count
533,C1132,paris,2026-01-05T00:40:00,tickets,19,count
534,C1133,toulouse,2026-01-05T00:50:00,sales,794.79,eur
535,C1134,grenoble,2026-01-05T01:00:00,sales,3376.36,eur
536,C1135,lille,2026-01-05T01:10:00,returns,21,count
537,C1136,lille,2026-01-05T01:20:00,returns,19,count
538,C1137,lyon,2026-01-05T01:30:00,returns,8,count
539,C1138,grenoble,2026-01-05T01:40:00,tickets,3,count
540,C1139,grenoble,2026-01-05T01:50:00,returns,3,count
541,C1140,toulouse,2026-01-05T02:00:00,tickets,21,count
542,C1141,grenoble,2026-01-05T02:10:00,returns,16,count
543,C1142,toulouse,2026-01-05T02:20:00,sales,1118.18,eur
544,C1143,grenoble,2026-01-05T02:30:00,sales,58.28,eur
545,C1144,grenoble,2026-01-05T02:40:00,sales,3841.4,eur
546,C1145,paris,2026-01-05T02:50:00,returns,10,count
547,C1146,lille,2026-01-05T03:00:00,sales,2496.98,eur
548,C1147,toulouse,2026-01-05T03:10:00,sales,663.34,eur
549,C1148,toulouse,2026-01-05T03:20:00,tickets,7,count
550,C1149,grenoble,2026-01-05T03:30:00,tickets,26,count
551,C1150,paris,2026-01-05T03:40:00,sales,1997.41,eur
552,C1151,lille,2026-01-05T03:50:00,returns,0,count
553,C1152,toulouse,2026-01-05T04:00:00,sales,4313.31,eur
554,C1153,lille,2026-01-05T04:10:00,returns,18,count
555,C1154,lille,2026-01-05T04:20:00,tickets,20,count
556,C1155,lille,2026-01-05T04:30:00,returns,3,count
557,C1156,lyon,2026-01-05T04:40:00,sales,4831.67,eur
558,C1157,grenoble,2026-01-05T04:50:00,tickets,14,count
559,C1158,paris,2026-01-05T05:00:00,sales,2194.82,eur
560,C1159,lille,2026-01-05T05:10:00,sales,2189.67,eur
561,C1160,lille,2026-01-05T05:20:00,tickets,2,count
562,C1161,grenoble,2026-01-05T05:30:00,returns,23,count
563,C1162,lyon,2026-01-05T05:40:00,sales,1678.68,eur
564,C1163,paris,2026-01-05T05:50:00,sales,2562.21,eur
565,C1164,lyon,2026-01-05T06:00:00,tickets,16,count
566,C1165,lyon,2026-01-05T06:10:00,returns,11,count
567,C1166,grenoble,2026-01-05T06:20:00,sales,531.97,eur
568,C1167,lyon,2026-01-05T06:30:00,sales,884.03,eur
569,C1168,lyon,2026-01-05T06:40:00,tickets,2,count
570,C1169,lille,2026-01-05T06:50:00,tickets,15,count
571,C1170,toulouse,2026-01-05T07:00:00,tickets,24,count
572,C1171,toulouse,2026-01-05T07:10:00,returns,21,count
573,C1172,toulouse,2026-01-05T07:20:00,tickets,20,count
574,C1173,grenoble,2026-01-05T07:30:00,returns,27,count
575,C1174,lille,2026-01-05T07:40:00,sales,2210.02,eur
576,C1175,grenoble,2026-01-05T07:50:00,returns,20,count
577,C1176,paris,2026-01-05T08:00:00,returns,18,count
578,C1177,paris,2026-01-05T08:10:00,returns,16,count
579,C1178,lille,2026-01-05T08:20:00,returns,14,count
580,C1179,grenoble,2026-01-05T08:30:00,sales,303.31,eur
581,C1180,paris,2026-01-05T08:40:00,sales,3230.44,eur
582,C1181,toulouse,2026-01-05T08:50:00,tickets,19,count
583,C1182,toulouse,2026-01-05T09:00:00,returns,14,count
584,C1183,paris,2026-01-05T09:10:00,tickets,30,count
585,C1184,toulouse,2026-01-05T09:20:00,returns,29,count
586,C1185,grenoble,2026-01-05T09:30:00,tickets,6,count
587,C1186,toulouse,2026-01-05T09:40:00,tickets,15,count
588,C1187,lille,2026-01-05T09:50:00,sales,4789.46,eur
589,C1188,grenoble,2026-01-05T10:00:00,sales,4058.61,eur
590,C1189,toulouse,2026-01-05T10:10:00,tickets,2,count
591,C1190,paris,2026-01-05T10:20:00,tickets,5,count
592,C1191,lille,2026-01-05T10:30:00,sales,3543.96,eur
593,C1192,toulouse,2026-01-05T10:40:00,tickets,16,count
594,C1193,grenoble,2026-01-05T10:50:00,sales,1832.21,eur
595,C1194,grenoble,2026-01-05T11:00:00,returns,13,count
596,C1195,paris,2026-01-05T11:10:00,tickets,19,count
597,C1196,grenoble,2026-01-05T11:20:00,tickets,20,count
598,C1197,toulouse,2026-01-05T11:30:00,sales,1661.86,eur
599,C1198,grenoble,2026-01-05T11:40:00,tickets,12,count
600,C1199,toulouse,2026-01-05T11:50:00,returns,23,count
601,C1200,toulouse,2026-01-05T12:00:00,sales,1680.14,eur
602,C1201,grenoble,2026-01-05T12:10:00,tickets,4,count
603,C1202,lille,2026-01-05T12:20:00,returns,30,count
604,C1203,paris,2026-01-05T12:30:00,sales,2983.31,eur
605,C1204,lille,2026-01-05T12:40:00,returns,17,count
606,C1205,grenoble,2026-01-05T12:50:00,tickets,25,count
607,C1206,toulouse,2026-01-05T13:00:00,sales,3357.18,eur
608,C1207,lille,2026-01-05T13:10:00,sales,3237.2,eur
609,C1208,paris,2026-01-05T13:20:00,tickets,11,count
610,C1209,lyon,2026-01-05T13:30:00,returns,9,count
611,C1210,lille,2026-01-05T13:40:00,sales,1721.83,eur
612,C1211,lyon,2026-01-05T13:50:00,sales,1148.18,eur
613,C1212,paris,2026-01-05T14:00:00,sales,404.28,eur
614,C1213,toulouse,2026-01-05T14:10:00,tickets,24,count
615,C1214,toulouse,2026-01-05T14:20:00,tickets,28,count
616,C1215,toulouse,2026-01-05T14:30:00,sales,3316.41,eur
617,C1216,lyon,2026-01-05T14:40:00,sales,2994.29,eur
618,C1217,toulouse,2026-01-05T14:50:00,sales,920.61,eur
619,C1218,paris,2026-01-05T15:00:00,sales,3611.49,eur
620,C1219,lyon,2026-01-05T15:10:00,returns,11,count
621,C1220,grenoble,2026-01-05T15:20:00,returns,19,count
622,C1221,lille,2026-01-05T15:30:00,tickets,25,count
623,C1222,grenoble,2026-01-05T15:40:00,sales,2679.38,eur
624,C1223,lyon,2026-01-05T15:50:00,returns,28,count
625,C1224,toulouse,2026-01-05T16:00:00,returns,21,count
626,C1225,grenoble,2026-01-05T16:10:00,returns,14,count
627,C1226,toulouse,2026-01-05T16:20:00,returns,16,count
628,C1227,lyon,2026-01-05T16:30:00,returns,30,count
629,C1228,lyon,2026-01-05T16:40:00,sales,4010.27,eur
630,C1229,lille,2026-01-05T16:50:00,returns,1,count
631,C1230,paris,2026-01-05T17:00:00,returns,17,count
632,C1231,toulouse,2026-01-05T17:10:00,tickets,27,count
633,C1232,lyon,2026-01-05T17:20:00,sales,1439.61,eur
634,C1233,toulouse,2026-01-05T17:30:00,returns,14,count
635,C1234,paris,2026-01-05T17:40:00,sales,4158.61,eur
636,C1235,grenoble,2026-01-05T17:50:00,sales,4087.18,eur
637,C1236,lille,2026-01-05T18:00:00,sales,2086.19,eur
638,C1237,lyon,2026-01-05T18:10:00,tickets,11,count
639,C1238,grenoble,2026-01-05T18:20:00,returns,2,count
640,C1239,paris,2026-01-05T18:30:00,sales,160.37,eur
641,C1240,grenoble,2026-01-05T18:40:00,tickets,20,count
642,C1241,grenoble,2026-01-05T18:50:00,sales,705.25,eur
643,C1242,lyon,2026-01-05T19:00:00,returns,22,count
644,C1243,lille,2026-01-05T19:10:00,tickets,15,count
645,C1244,paris,2026-01-05T19:20:00,tickets,0,count
646,C1245,lyon,2026-01-05T19:30:00,sales,1294.5,eur
647,C1246,toulouse,2026-01-05T19:40:00,tickets,30,count
648,C1247,paris,2026-01-05T19:50:00,tickets,13,count
649,C1248,grenoble,2026-01-05T20:00:00,returns,7,count
650,C1249,lille,2026-01-05T20:10:00,sales,257.79,eur
651,C1250,toulouse,2026-01-05T20:20:00,tickets,25,count
652,C1251,paris,2026-01-05T20:30:00,returns,2,count
653,C1252,toulouse,2026-01-05T20:40:00,returns,19,count
654,C1253,toulouse,2026-01-05T20:50:00,sales,3167.14,eur
655,C1254,grenoble,2026-01-05T21:00:00,sales,3598.35,eur
656,C1255,toulouse,2026-01-05T21:10:00,returns,0,count
657,C1256,toulouse,2026-01-05T21:20:00,returns,7,count
658,C1257,paris,2026-01-05T21:30:00,returns,5,count
659,C1258,paris,2026-01-05T21:40:00,tickets,11,count
660,C1259,toulouse,2026-01-05T21:50:00,tickets,17,count
661,C1260,paris,2026-01-05T22:00:00,tickets,17,count
662,C1261,lille,2026-01-05T22:10:00,returns,27,count
663,C1262,grenoble,2026-01-05T22:20:00,sales,3185.64,eur
664,C1263,paris,2026-01-05T22:30:00,returns,23,count
665,C1264,paris,2026-01-05T22:40:00,returns,25,count
666,C1265,paris,2026-01-05T22:50:00,returns,7,count
667,C1266,grenoble,2026-01-05T23:00:00,tickets,23,count
668,C1267,toulouse,2026-01-05T23:10:00,sales,240.79,eur
669,C1268,lyon,2026-01-05T23:20:00,returns,26,count
670,C1269,lille,2026-01-05T23:30:00,tickets,14,count
671,C1270,lyon,2026-01-05T23:40:00,tickets,5,count
672,C1271,lille,2026-01-05T23:50:00,sales,3585.9,eur
673,C1272,paris,2026-01-06T00:00:00,sales,1481.34,eur
674,C1273,grenoble,2026-01-06T00:10:00,sales,4431.24,eur
675,C1274,lille,2026-01-06T00:20:00,returns,16,count
676,C1275,grenoble,2026-01-06T00:30:00,tickets,15,count
677,C1276,lyon,2026-01-06T00:40:00,sales,3771.39,eur
678,C1277,paris,2026-01-06T00:50:00,returns,11,count
679,C1278,grenoble,2026-01-06T01:00:00,tickets,10,count
680,C1279,lille,2026-01-06T01:10:00,sales,4000.73,eur
681,C1280,lille,2026-01-06T01:20:00,returns,23,count
682,C1281,lyon,2026-01-06T01:30:00,returns,10,count
683,C1282,lille,2026-01-06T01:40:00,returns,22,count
684,C1283,toulouse,2026-01-06T01:50:00,returns,29,count
685,C1284,paris,2026-01-06T02:00:00,returns,25,count
686,C1285,paris,2026-01-06T02:10:00,tickets,13,count
687,C1286,lyon,2026-01-06T02:20:00,returns,19,count
688,C1287,grenoble,2026-01-06T02:30:00,tickets,9,count
689,C1288,grenoble,2026-01-06T02:40:00,sales,418.74,eur
690,C1289,toulouse,2026-01-06T02:50:00,returns,14,count
691,C1290,lyon,2026-01-06T03:00:00,tickets,13,count
692,C1291,grenoble,2026-01-06T03:10:00,tickets,14,count
693,C1292,grenoble,2026-01-06T03:20:00,returns,1,count
694,C1293,grenoble,2026-01-06T03:30:00,tickets,13,count
695,C1294,paris,2026-01-06T03:40:00,tickets,25,count
696,C1295,lille,2026-01-06T03:50:00,sales,3362.5,eur
697,C1296,lyon,2026-01-06T04:00:00,returns,16,count
698,C1297,toulouse,2026-01-06T04:10:00,sales,731.04,eur
699,C1298,lille,2026-01-06T04:20:00,tickets,25,count
700,C1299,lyon,2026-01-06T04:30:00,sales,648.63,eur
701,C1300,grenoble,2026-01-06T04:40:00,tickets,11,count
702,C1301,toulouse,2026-01-06T04:50:00,returns,30,count
703,C1302,lille,2026-01-06T05:00:00,sales,3033.37,eur
704,C1303,lille,2026-01-06T05:10:00,returns,11,count
705,C1304,toulouse,2026-01-06T05:20:00,sales,2878.13,eur
706,C1305,grenoble,2026-01-06T05:30:00,returns,12,count
707,C1306,lyon,2026-01-06T05:40:00,tickets,8,count
708,C1307,lyon,2026-01-06T05:50:00,sales,149.05,eur
709,C1308,lille,2026-01-06T06:00:00,returns,16,count
710,C1309,grenoble,2026-01-06T06:10:00,tickets,3,count
711,C1310,lille,2026-01-06T06:20:00,returns,22,count
712,C1311,grenoble,2026-01-06T06:30:00,sales,4981.9,eur
713,C1312,lille,2026-01-06T06:40:00,tickets,29,count
714,C1313,paris,2026-01-06T06:50:00,sales,630.73,eur
715,C1314,lille,2026-01-06T07:00:00,returns,5,count
716,C1315,grenoble,2026-01-06T07:10:00,sales,4056.36,eur
717,C1316,paris,2026-01-06T07:20:00,tickets,11,count
718,C1317,grenoble,2026-01-06T07:30:00,tickets,17,count
719,C1318,lyon,2026-01-06T07:40:00,returns,27,count
720,C1319,lyon,2026-01-06T07:50:00,tickets,22,count
721,C1320,lyon,2026-01-06T08:00:00,returns,16,count
722,C1321,lyon,2026-01-06T08:10:00,sales,4925.96,eur
723,C1322,paris,2026-01-06T08:20:00,sales,3956.06,eur
724,C1323,toulouse,2026-01-06T08:30:00,returns,17,count
725,C1324,toulouse,2026-01-06T08:40:00,returns,14,count
726,C1325,paris,2026-01-06T08:50:00,sales,3067.5,eur
727,C1326,lille,2026-01-06T09:00:00,sales,1560.27,eur
728,C1327,lille,2026-01-06T09:10:00,tickets,13,count
729,C1328,lyon,2026-01-06T09:20:00,tickets,2,count
730,C1329,paris,2026-01-06T09:30:00,returns,20,count
731,C1330,toulouse,2026-01-06T09:40:00,returns,14,count
732,C1331,toulouse,2026-01-06T09:50:00,returns,4,count
733,C1332,lyon,2026-01-06T10:00:00,tickets,18,count
734,C1333,paris,2026-01-06T10:10:00,sales,2174.44,eur
735,C1334,grenoble,2026-01-06T10:20:00,sales,2600.15,eur
736,C1335,lyon,2026-01-06T10:30:00,sales,826.6,eur
737,C1336,toulouse,2026-01-06T10:40:00,returns,30,count
738,C1337,paris,2026-01-06T10:50:00,returns,27,count
739,C1338,toulouse,2026-01-06T11:00:00,returns,6,count
740,C1339,grenoble,2026-01-06T11:10:00,returns,4,count
741,C1340,paris,2026-01-06T11:20:00,tickets,17,count
742,C1341,lyon,2026-01-06T11:30:00,tickets,20,count
743,C1342,toulouse,2026-01-06T11:40:00,tickets,30,count
744,C1343,toulouse,2026-01-06T11:50:00,sales,872.58,eur
745,C1344,toulouse,2026-01-06T12:00:00,tickets,28,count
746,C1345,toulouse,2026-01-06T12:10:00,returns,26,count
747,C1346,paris,2026-01-06T12:20:00,sales,4129.68,eur
748,C1347,toulouse,2026-01-06T12:30:00,sales,246.4,eur
749,C1348,lyon,2026-01-06T12:40:00,returns,20,count
750,C1349,toulouse,2026-01-06T12:50:00,tickets,13,count
751,C1350,lille,2026-01-06T13:00:00,tickets,0,count
752,C1351,grenoble,2026-01-06T13:10:00,tickets,17,count
753,C1352,grenoble,2026-01-06T13:20:00,tickets,30,count
754,C1353,lille,2026-01-06T13:30:00,returns,7,count
755,C1354,paris,2026-01-06T13:40:00,returns,14,count
756,C1355,lyon,2026-01-06T13:50:00,tickets,1,count
757,C1356,lille,2026-01-06T14:00:00,returns,13,count
758,C1357,grenoble,2026-01-06T14:10:00,returns,6,count
759,C1358,grenoble,2026-01-06T14:20:00,tickets,4,count
760,C1359,grenoble,2026-01-06T14:30:00,tickets,10,count
761,C1360,grenoble,2026-01-06T14:40:00,returns,4,count
762,C1361,paris,2026-01-06T14:50:00,tickets,17,count
763,C1362,lille,2026-01-06T15:00:00,returns,7,count
764,C1363,lyon,2026-01-06T15:10:00,sales,1352.01,eur
765,C1364,grenoble,2026-01-06T15:20:00,sales,502.12,eur
766,C1365,toulouse,2026-01-06T15:30:00,returns,27,count
767,C1366,lyon,2026-01-06T15:40:00,returns,7,count
768,C1367,toulouse,2026-01-06T15:50:00,returns,29,count
769,C1368,lyon,2026-01-06T16:00:00,tickets,10,count
770,C1369,toulouse,2026-01-06T16:10:00,sales,2501.36,eur
771,C1370,grenoble,2026-01-06T16:20:00,returns,15,count
772,C1371,paris,2026-01-06T16:30:00,returns,0,count
773,C1372,lille,2026-01-06T16:40:00,returns,16,count
774,C1373,grenoble,2026-01-06T16:50:00,sales,1091.42,eur
775,C1374,lille,2026-01-06T17:00:00,sales,271.69,eur
776,C1375,lille,2026-01-06T17:10:00,tickets,28,count
777,C1376,paris,2026-01-06T17:20:00,returns,17,count
778,C1377,grenoble,2026-01-06T17:30:00,sales,2166.02,eur
779,C1378,lille,2026-01-06T17:40:00,tickets,11,count
780,C1379,lille,2026-01-06T17:50:00,returns,1,count
781,C1380,lyon,2026-01-06T18:00:00,sales,2860.0,eur
782,C1381,grenoble,2026-01-06T18:10:00,returns,17,count
783,C1382,lille,2026-01-06T18:20:00,sales,1944.02,eur
784,C1383,toulouse,2026-01-06T18:30:00,tickets,8,count
785,C1384,paris,2026-01-06T18:40:00,tickets,19,count
786,C1385,lille,2026-01-06T18:50:00,sales,4875.91,eur
787,C1386,grenoble,2026-01-06T19:00:00,returns,25,count
788,C1387,grenoble,2026-01-06T19:10:00,tickets,30,count
789,C1388,toulouse,2026-01-06T19:20:00,sales,1011.31,eur
790,C1389,paris,2026-01-06T19:30:00,returns,16,count
791,C1390,grenoble,2026-01-06T19:40:00,sales,213.79,eur
792,C1391,lille,2026-01-06T19:50:00,returns,16,count
793,C1392,toulouse,2026-01-06T20:00:00,sales,3039.18,eur
794,C1393,toulouse,2026-01-06T20:10:00,sales,1653.27,eur
795,C1394,lille,2026-01-06T20:20:00,returns,5,count
796,C1395,grenoble,2026-01-06T20:30:00,tickets,23,count
797,C1396,toulouse,2026-01-06T20:40:00,tickets,10,count
798,C1397,lille,2026-01-06T20:50:00,tickets,17,count
799,C1398,grenoble,2026-01-06T21:00:00,tickets,18,count
800,C1399,paris,2026-01-06T21:10:00,returns,26,count
801,C1000,paris,2026-01-06T21:20:00,returns,10,count
802,C1001,grenoble,2026-01-06T21:30:00,returns,18,count
803,C1002,paris,2026-01-06T21:40:00,tickets,27,count
804,C1003,grenoble,2026-01-06T21:50:00,tickets,15,count
805,C1004,toulouse,2026-01-06T22:00:00,tickets,25,count
806,C1005,paris,2026-01-06T22:10:00,tickets,7,count
807,C1006,lyon,2026-01-06T22:20:00,tickets,15,count
808,C1007,toulouse,2026-01-06T22:30:00,tickets,20,count
809,C1008,lyon,2026-01-06T22:40:00,returns,4,count
810,C1009,paris,2026-01-06T22:50:00,sales,2871.4,eur
811,C1010,grenoble,2026-01-06T23:00:00,sales,114.31,eur
812,C1011,lille,2026-01-06T23:10:00,returns,4,count
813,C1012,lille,2026-01-06T23:20:00,tickets,6,count
814,C1013,toulouse,2026-01-06T23:30:00,tickets,24,count
815,C1014,paris,2026-01-06T23:40:00,returns,27,count
816,C1015,toulouse,2026-01-06T23:50:00,tickets,4,count
817,C1016,lille,2026-01-07T00:00:00,sales,2813.22,eur
818,C1017,grenoble,2026-01-07T00:10:00,tickets,12,count
819,C1018,toulouse,2026-01-07T00:20:00,sales,2309.12,eur
820,C1019,grenoble,2026-01-07T00:30:00,returns,17,count
821,C1020,grenoble,2026-01-07T00:40:00,tickets,24,count
822,C1021,lyon,2026-01-07T00:50:00,tickets,15,count
823,C1022,grenoble,2026-01-07T01:00:00,sales,1409.45,eur
824,C1023,grenoble,2026-01-07T01:10:00,sales,4708.6,eur
825,C1024,lyon,2026-01-07T01:20:00,returns,22,count
826,C1025,lille,2026-01-07T01:30:00,tickets,22,count
827,C1026,grenoble,2026-01-07T01:40:00,returns,15,count
828,C1027,grenoble,2026-01-07T01:50:00,tickets,29,count
829,C1028,toulouse,2026-01-07T02:00:00,returns,3,count
830,C1029,lille,2026-01-07T02:10:00,tickets,17,count
831,C1030,grenoble,2026-01-07T02:20:00,returns,26,count
832,C1031,grenoble,2026-01-07T02:30:00,sales,1466.45,eur
833,C1032,grenoble,2026-01-07T02:40:00,tickets,2,count
834,C1033,grenoble,2026-01-07T02:50:00,returns,20,count
835,C1034,lyon,2026-01-07T03:00:00,tickets,15,count
836,C1035,grenoble,2026-01-07T03:10:00,sales,4143.2,eur
837,C1036,grenoble,2026-01-07T03:20:00,tickets,22,count
838,C1037,toulouse,2026-01-07T03:30:00,sales,563.95,eur
839,C1038,toulouse,2026-01-07T03:40:00,sales,1227.44,eur
840,C1039,paris,2026-01-07T03:50:00,sales,3196.96,eur
841,C1040,lille,2026-01-07T04:00:00,sales,2078.24,eur
842,C1041,lyon,2026-01-07T04:10:00,sales,3412.34,eur
843,C1042,lyon,2026-01-07T04:20:00,sales,4823.3,eur
844,C1043,lille,2026-01-07T04:30:00,returns,20,count
845,C1044,lyon,2026-01-07T04:40:00,returns,20,count
846,C1045,grenoble,2026-01-07T04:50:00,returns,10,count
847,C1046,paris,2026-01-07T05:00:00,tickets,1,count
848,C1047,lyon,2026-01-07T05:10:00,tickets,18,count
849,C1048,paris,2026-01-07T05:20:00,tickets,23,count
850,C1049,lyon,2026-01-07T05:30:00,sales,2101.07,eur
851,C1050,lille,2026-01-07T05:40:00,sales,4985.92,eur
852,C1051,grenoble,2026-01-07T05:50:00,returns,5,count
853,C1052,toulouse,2026-01-07T06:00:00,sales,66.15,eur
854,C1053,grenoble,2026-01-07T06:10:00,tickets,3,count
855,C1054,toulouse,2026-01-07T06:20:00,returns,14,count
856,C1055,lyon,2026-01-07T06:30:00,tickets,15,count
857,C1056,grenoble,2026-01-07T06:40:00,tickets,14,count
858,C1057,grenoble,2026-01-07T06:50:00,sales,4047.89,eur
859,C1058,grenoble,2026-01-07T07:00:00,sales,3660.97,eur
860,C1059,paris,2026-01-07T07:10:00,tickets,5,count
861,C1060,grenoble,2026-01-07T07:20:00,tickets,10,count
862,C1061,lyon,2026-01-07T07:30:00,tickets,21,count
863,C1062,lille,2026-01-07T07:40:00,sales,3062.55,eur
864,C1063,grenoble,2026-01-07T07:50:00,returns,16,count
865,C1064,paris,2026-01-07T08:00:00,sales,2016.15,eur
866,C1065,lille,2026-01-07T08:10:00,sales,4908.79,eur
867,C1066,lyon,2026-01-07T08:20:00,returns,29,count
868,C1067,lyon,2026-01-07T08:30:00,sales,1318.71,eur
869,C1068,grenoble,2026-01-07T08:40:00,returns,24,count
870,C1069,toulouse,2026-01-07T08:50:00,returns,9,count
871,C1070,paris,2026-01-07T09:00:00,tickets,18,count
872,C1071,grenoble,2026-01-07T09:10:00,returns,20,count
873,C1072,paris,2026-01-07T09:20:00,tickets,7,count
874,C1073,lille,2026-01-07T09:30:00,tickets,3,count
875,C1074,lille,2026-01-07T09:40:00,returns,5,count
876,C1075,grenoble,2026-01-07T09:50:00,tickets,16,count
877,C1076,grenoble,2026-01-07T10:00:00,tickets,3,count
878,C1077,lyon,2026-01-07T10:10:00,returns,19,count
879,C1078,lille,2026-01-07T10:20:00,sales,4787.66,eur
880,C1079,toulouse,2026-01-07T10:30:00,sales,2285.79,eur
881,C1080,toulouse,2026-01-07T10:40:00,returns,13,count
882,C1081,toulouse,2026-01-07T10:50:00,returns,24,count
883,C1082,lyon,2026-01-07T11:00:00,tickets,26,count
884,C1083,toulouse,2026-01-07T11:10:00,sales,3408.1,eur
885,C1084,toulouse,2026-01-07T11:20:00,sales,2637.02,eur
886,C1085,paris,2026-01-07T11:30:00,tickets,11,count
887,C1086,paris,2026-01-07T11:40:00,tickets,3,count
888,C1087,toulouse,2026-01-07T11:50:00,tickets,28,count
889,C1088,lyon,2026-01-07T12:00:00,sales,2872.05,eur
890,C1089,toulouse,2026-01-07T12:10:00,sales,1654.03,eur
891,C1090,lyon,2026-01-07T12:20:00,returns,3,count
892,C1091,lille,2026-01-07T12:30:00,tickets,18,count
893,C1092,lille,2026-01-07T12:40:00,sales,4496.47,eur
894,C1093,toulouse,2026-01-07T12:50:00,sales,2278.09,eur
895,C1094,toulouse,2026-01-07T13:00:00,returns,14,count
896,C1095,grenoble,2026-01-07T13:10:00,sales,2802.81,eur
897,C1096,lille,2026-01-07T13:20:00,tickets,0,count
898,C1097,paris,2026-01-07T13:30:00,returns,26,count
899,C1098,toulouse,2026-01-07T13:40:00,tickets,6,count
900,C1099,grenoble,2026-01-07T13:50:00,sales,245.54,eur
901,C1100,toulouse,2026-01-07T14:00:00,tickets,2,count
902,C1101,paris,2026-01-07T14:10:00,sales,4674.22,eur
903,C1102,grenoble,2026-01-07T14:20:00,returns,1,count
904,C1103,lyon,2026-01-07T14:30:00,returns,5,count
905,C1104,lille,2026-01-07T14:40:00,tickets,23,count
906,C1105,lille,2026-01-07T14:50:00,returns,28,count
907,C1106,lille,2026-01-07T15:00:00,returns,27,count
908,C1107,toulouse,2026-01-07T15:10:00,returns,2,count
909,C1108,grenoble,2026-01-07T15:20:00,sales,3274.6,eur
910,C1109,toulouse,2026-01-07T15:30:00,sales,908.8,eur
911,C1110,lyon,2026-01-07T15:40:00,returns,16,count
912,C1111,paris,2026-01-07T15:50:00,tickets,7,count
913,C1112,lille,2026-01-07T16:00:00,sales,4892.88,eur
914,C1113,toulouse,2026-01-07T16:10:00,tickets,23,count
915,C1114,lille,2026-01-07T16:20:00,returns,17,count
916,C1115,grenoble,2026-01-07T16:30:00,sales,1252.61,eur
917,C1116,paris,2026-01-07T16:40:00,sales,1392.74,eur
918,C1117,lille,2026-01-07T16:50:00,sales,4051.2,eur
919,C1118,paris,2026-01-07T17:00:00,tickets,24,count
920,C1119,paris,2026-01-07T17:10:00,sales,1046.29,eur
921,C1120,lille,2026-01-07T17:20:00,tickets,1,count
922,C1121,paris,2026-01-07T17:30:00,tickets,21,count
923,C1122,lille,2026-01-07T17:40:00,sales,3707.89,eur
924,C1123,toulouse,2026-01-07T17:50:00,returns,7,count
925,C1124,paris,2026-01-07T18:00:00,sales,3776.84,eur
926,C1125,grenoble,2026-01-07T18:10:00,sales,2529.4,eur
927,C1126,toulouse,2026-01-07T18:20:00,sales,4082.62,eur
928,C1127,toulouse,2026-01-07T18:30:00,returns,18,count
929,C1128,grenoble,2026-01-07T18:40:00,tickets,26,count
930,C1129,lyon,2026-01-07T18:50:00,sales,1522.79,eur
931,C1130,lyon,2026-01-07T19:00:00,tickets,16,count
932,C1131,grenoble,2026-01-07T19:10:00,returns,9,count
933,C1132,toulouse,2026-01-07T19:20:00,sales,2792.46,eur
934,C1133,lyon,2026-01-07T19:30:00,tickets,29,count
935,C1134,lille,2026-01-07T19:40:00,tickets,21,count
936,C1135,paris,2026-01-07T19:50:00,tickets,15,count
937,C1136,lille,2026-01-07T20:00:00,returns,30,count
938,C1137,lille,2026-01-07T20:10:00,tickets,10,count
939,C1138,grenoble,2026-01-07T20:20:00,returns,4,count
940,C1139,toulouse,2026-01-07T20:30:00,returns,5,count
941,C1140,lyon,2026-01-07T20:40:00,returns,7,count
942,C1141,lyon,2026-01-07T20:50:00,returns,27,count
943,C1142,paris,2026-01-07T21:00:00,returns,29,count
944,C1143,lille,2026-01-07T21:10:00,tickets,13,count
945,C1144,lyon,2026-01-07T21:20:00,tickets,16,count
946,C1145,grenoble,2026-01-07T21:30:00,returns,7,count
947,C1146,paris,2026-01-07T21:40:00,sales,1664.71,eur
948,C1147,grenoble,2026-01-07T21:50:00,returns,27,count
949,C1148,lyon,2026-01-07T22:00:00,sales,2687.46,eur
950,C1149,toulouse,2026-01-07T22:10:00,sales,1356.94,eur
951,C1150,paris,2026-01-07T22:20:00,tickets,1,count
952,C1151,toulouse,2026-01-07T22:30:00,sales,4027.16,eur
953,C1152,toulouse,2026-01-07T22:40:00,tickets,21,count
954,C1153,grenoble,2026-01-07T22:50:00,sales,2407.38,eur
955,C1154,paris,2026-01-07T23:00:00,returns,30,count
956,C1155,paris,2026-01-07T23:10:00,sales,4687.06,eur
957,C1156,lille,2026-01-07T23:20:00,tickets,24,count
958,C1157,lyon,2026-01-07T23:30:00,sales,3484.22,eur
959,C1158,lyon,2026-01-07T23:40:00,returns,29,count
960,C1159,grenoble,2026-01-07T23:50:00,tickets,10,count
961,C1160,toulouse,2026-01-08T00:00:00,returns,14,count
962,C1161,grenoble,2026-01-08T00:10:00,tickets,11,count
963,C1162,toulouse,2026-01-08T00:20:00,returns,11,count
964,C1163,paris,2026-01-08T00:30:00,returns,14,count
965,C1164,grenoble,2026-01-08T00:40:00,tickets,15,count
966,C1165,lille,2026-01-08T00:50:00,sales,1866.11,eur
967,C1166,lyon,2026-01-08T01:00:00,sales,2821.37,eur
968,C1167,paris,2026-01-08T01:10:00,tickets,4,count
969,C1168,toulouse,2026-01-08T01:20:00,returns,17,count
970,C1169,lille,2026-01-08T01:30:00,tickets,23,count
971,C1170,lyon,2026-01-08T01:40:00,returns,4,count
972,C1171,lille,2026-01-08T01:50:00,returns,7,count
973,C1172,lyon,2026-01-08T02:00:00,tickets,26,count
974,C1173,grenoble,2026-01-08T02:10:00,returns,17,count
975,C1174,lille,2026-01-08T02:20:00,returns,24,count
976,C1175,lille,2026-01-08T02:30:00,tickets,20,count
977,C1176,grenoble,2026-01-08T02:40:00,returns,5,count
978,C1177,toulouse,2026-01-08T02:50:00,sales,716.99,eur
979,C1178,toulouse,2026-01-08T03:00:00,returns,5,count
980,C1179,paris,2026-01-08T03:10:00,tickets,30,count
981,C1180,paris,2026-01-08T03:20:00,tickets,1,count
982,C1181,paris,2026-01-08T03:30:00,tickets,1,count
983,C1182,lyon,2026-01-08T03:40:00,returns,4,count
984,C1183,paris,2026-01-08T03:50:00,sales,3541.7,eur
985,C1184,grenoble,2026-01-08T04:00:00,sales,2538.55,eur
986,C1185,toulouse,2026-01-08T04:10:00,sales,3096.82,eur
987,C1186,lille,2026-01-08T04:20:00,returns,21,count
988,C1187,toulouse,2026-01-08T04:30:00,sales,52.93,eur
989,C1188,paris,2026-01-08T04:40:00,returns,0,count
990,C1189,grenoble,2026-01-08T04:50:00,tickets,23,count
991,C1190,paris,2026-01-08T05:00:00,tickets,9,count
992,C1191,lille,2026-01-08T05:10:00,tickets,26,count
993,C1192,paris,2026-01-08T05:20:00,sales,552.94,eur
994,C1193,lyon,2026-01-08T05:30:00,tickets,4,count
995,C1194,grenoble,2026-01-08T05:40:00,sales,3106.51,eur
996,C1195,lille,2026-01-08T05:50:00,returns,8,count
997,C1196,lille,2026-01-08T06:00:00,sales,1877.8,eur
998,C1197,lyon,2026-01-08T06:10:00,returns,18,count
999,C1198,grenoble,2026-01-08T06:20:00,tickets,7,count
1000,C1199,paris,2026-01-08T06:30:00,tickets,26,count
1001,C1200,paris,2026-01-08T06:40:00,tickets,27,count
1002,C1201,lille,2026-01-08T06:50:00,sales,2038.29,eur
1003,C1202,paris,2026-01-08T07:00:00,tickets,15,count
1004,C1203,lyon,2026-01-08T07:10:00,tickets,0,count
1005,C1204,lille,2026-01-08T07:20:00,sales,2509.29,eur
1006,C1205,grenoble,2026-01-08T07:30:00,tickets,25,count
1007,C1206,paris,2026-01-08T07:40:00,tickets,27,count
1008,C1207,paris,2026-01-08T07:50:00,tickets,29,count
1009,C1208,toulouse,2026-01-08T08:00:00,sales,1072.86,eur
1010,C1209,paris,2026-01-08T08:10:00,returns,8,count
1011,C1210,grenoble,2026-01-08T08:20:00,sales,3428.46,eur
1012,C1211,paris,2026-01-08T08:30:00,tickets,18,count
1013,C1212,grenoble,2026-01-08T08:40:00,sales,4645.26,eur
1014,C1213,toulouse,2026-01-08T08:50:00,sales,4808.12,eur
1015,C1214,lille,2026-01-08T09:00:00,sales,3766.23,eur
1016,C1215,toulouse,2026-01-08T09:10:00,sales,1510.4,eur
1017,C1216,lille,2026-01-08T09:20:00,sales,2842.15,eur
1018,C1217,toulouse,2026-01-08T09:30:00,tickets,28,count
1019,C1218,lyon,2026-01-08T09:40:00,returns,12,count
1020,C1219,paris,2026-01-08T09:50:00,tickets,23,count
1021,C1220,grenoble,2026-01-08T10:00:00,tickets,23,count
1022,C1221,lyon,2026-01-08T10:10:00,sales,506.48,eur
1023,C1222,toulouse,2026-01-08T10:20:00,sales,1716.15,eur
1024,C1223,grenoble,2026-01-08T10:30:00,tickets,12,count
1025,C1224,lille,2026-01-08T10:40:00,sales,3177.93,eur
1026,C1225,grenoble,2026-01-08T10:50:00,returns,7,count
1027,C1226,lille,2026-01-08T11:00:00,tickets,30,count
1028,C1227,toulouse,2026-01-08T11:10:00,returns,5,count
1029,C1228,paris,2026-01-08T11:20:00,tickets,12,count
1030,C1229,lyon,2026-01-08T11:30:00,tickets,9,count
1031,C1230,paris,2026-01-08T11:40:00,tickets,2,count
1032,C1231,lille,2026-01-08T11:50:00,returns,4,count
1033,C1232,lyon,2026-01-08T12:00:00,tickets,25,count
1034,C1233,grenoble,2026-01-08T12:10:00,tickets,12,count
1035,C1234,paris,2026-01-08T12:20:00,returns,3,count
1036,C1235,lille,2026-01-08T12:30:00,sales,4715.94,eur
1037,C1236,grenoble,2026-01-08T12:40:00,returns,24,count
1038,C1237,lyon,2026-01-08T12:50:00,sales,679.88,eur
1039,C1238,toulouse,2026-01-08T13:00:00,returns,14,count
1040,C1239,lille,2026-01-08T13:10:00,tickets,16,count
1041,C1240,grenoble,2026-01-08T13:20:00,sales,150.78,eur
1042,C1241,toulouse,2026-01-08T13:30:00,tickets,2,count
1043,C1242,grenoble,2026-01-08T13:40:00,tickets,25,count
1044,C1243,grenoble,2026-01-08T13:50:00,returns,0,count
1045,C1244,paris,2026-01-08T14:00:00,returns,12,count
1046,C1245,toulouse,2026-01-08T14:10:00,tickets,28,count
1047,C1246,lyon,2026-01-08T14:20:00,sales,2868.36,eur
1048,C1247,lyon,2026-01-08T14:30:00,tickets,12,count
1049,C1248,grenoble,2026-01-08T14:40:00,sales,1359.22,eur
1050,C1249,paris,2026-01-08T14:50:00,returns,4,count
1051,C1250,lille,2026-01-08T15:00:00,sales,2184.69,eur
1052,C1251,paris,2026-01-08T15:10:00,returns,15,count
1053,C1252,lyon,2026-01-08T15:20:00,returns,8,count
1054,C1253,lille,2026-01-08T15:30:00,tickets,20,count
1055,C1254,lyon,2026-01-08T15:40:00,tickets,19,count
1056,C1255,lyon,2026-01-08T15:50:00,returns,3,count
1057,C1256,lille,2026-01-08T16:00:00,returns,0,count
1058,C1257,toulouse,2026-01-08T16:10:00,returns,26,count
1059,C1258,grenoble,2026-01-08T16:20:00,returns,25,count
1060,C1259,lille,2026-01-08T16:30:00,returns,10,count
1061,C1260,lyon,2026-01-08T16:40:00,tickets,19,count
1062,C1261,toulouse,2026-01-08T16:50:00,returns,10,count
1063,C1262,lille,2026-01-08T17:00:00,tickets,6,count
1064,C1263,lille,2026-01-08T17:10:00,returns,5,count
1065,C1264,lille,2026-01-08T17:20:00,returns,9,count
1066,C1265,lyon,2026-01-08T17:30:00,tickets,25,count
1067,C1266,grenoble,2026-01-08T17:40:00,returns,12,count
1068,C1267,paris,2026-01-08T17:50:00,returns,11,count
1069,C1268,toulouse,2026-01-08T18:00:00,tickets,6,count
1070,C1269,toulouse,2026-01-08T18:10:00,tickets,5,count
1071,C1270,lille,2026-01-08T18:20:00,sales,4765.96,eur
1072,C1271,lille,2026-01-08T18:30:00,tickets,6,count
1073,C1272,paris,2026-01-08T18:40:00,returns,26,count
1074,C1273,lille,2026-01-08T18:50:00,returns,21,count
1075,C1274,lyon,2026-01-08T19:00:00,sales,3174.01,eur
1076,C1275,lyon,2026-01-08T19:10:00,returns,21,count
1077,C1276,lille,2026-01-08T19:20:00,tickets,13,count
1078,C1277,toulouse,2026-01-08T19:30:00,sales,2256.35,eur
1079,C1278,lille,2026-01-08T19:40:00,returns,18,count
1080,C1279,lille,2026-01-08T19:50:00,tickets,16,count
1081,C1280,grenoble,2026-01-08T20:00:00,tickets,1,count
1082,C1281,toulouse,2026-01-08T20:10:00,tickets,28,count
1083,C1282,paris,2026-01-08T20:20:00,tickets,20,count
1084,C1283,grenoble,2026-01-08T20:30:00,sales,3849.39,eur
1085,C1284,paris,2026-01-08T20:40:00,sales,3242.06,eur
1086,C1285,lille,2026-01-08T20:50:00,tickets,20,count
1087,C1286,lille,2026-01-08T21:00:00,returns,30,count
1088,C1287,grenoble,2026-01-08T21:10:00,sales,72.53,eur
1089,C1288,toulouse,2026-01-08T21:20:00,sales,2563.17,eur
1090,C1289,toulouse,2026-01-08T21:30:00,tickets,18,count
1091,C1290,lille,2026-01-08T21:40:00,sales,2239.98,eur
1092,C1291,toulouse,2026-01-08T21:50:00,returns,24,count
1093,C1292,lyon,2026-01-08T22:00:00,tickets,16,count
1094,C1293,lille,2026-01-08T22:10:00,returns,0,count
1095,C1294,paris,2026-01-08T22:20:00,sales,1491.25,eur
1096,C1295,lyon,2026-01-08T22:30:00,sales,4159.96,eur
1097,C1296,grenoble,2026-01-08T22:40:00,returns,9,count
1098,C1297,lyon,2026-01-08T22:50:00,returns,25,count
1099,C1298,grenoble,2026-01-08T23:00:00,tickets,15,count
1100,C1299,lille,2026-01-08T23:10:00,returns,3,count
1101,C1300,lille,2026-01-08T23:20:00,tickets,22,count
1102,C1301,grenoble,2026-01-08T23:30:00,returns,2,count
1103,C1302,paris,2026-01-08T23:40:00,sales,4054.73,eur
1104,C1303,paris,2026-01-08T23:50:00,sales,4248.92,eur
1105,C1304,lyon,2026-01-09T00:00:00,tickets,25,count
1106,C1305,toulouse,2026-01-09T00:10:00,tickets,7,count
1107,C1306,grenoble,2026-01-09T00:20:00,sales,2768.51,eur
1108,C1307,lille,2026-01-09T00:30:00,tickets,13,count
1109,C1308,lyon,2026-01-09T00:40:00,sales,3992.82,eur
1110,C1309,lille,2026-01-09T00:50:00,sales,3209.58,eur
1111,C1310,toulouse,2026-01-09T01:00:00,returns,0,count
1112,C1311,lille,2026-01-09T01:10:00,sales,2258.88,eur
1113,C1312,lyon,2026-01-09T01:20:00,returns,0,count
1114,C1313,paris,2026-01-09T01:30:00,sales,1406.16,eur
1115,C1314,toulouse,2026-01-09T01:40:00,tickets,3,count
1116,C1315,lyon,2026-01-09T01:50:00,sales,1841.65,eur
1117,C1316,grenoble,2026-01-09T02:00:00,returns,3,count
1118,C1317,lille,2026-01-09T02:10:00,tickets,27,count
1119,C1318,grenoble,2026-01-09T02:20:00,tickets,30,count
1120,C1319,toulouse,2026-01-09T02:30:00,tickets,12,count
1121,C1320,paris,2026-01-09T02:40:00,returns,18,count
1122,C1321,lille,2026-01-09T02:50:00,returns,11,count
1123,C1322,grenoble,2026-01-09T03:00:00,tickets,5,count
1124,C1323,paris,2026-01-09T03:10:00,tickets,18,count
1125,C1324,grenoble,2026-01-09T03:20:00,tickets,4,count
1126,C1325,paris,2026-01-09T03:30:00,sales,1208.09,eur
1127,C1326,lyon,2026-01-09T03:40:00,sales,1879.06,eur
1128,C1327,lille,2026-01-09T03:50:00,tickets,12,count
1129,C1328,toulouse,2026-01-09T04:00:00,tickets,4,count
1130,C1329,lyon,2026-01-09T04:10:00,returns,13,count
1131,C1330,toulouse,2026-01-09T04:20:00,returns,20,count
1132,C1331,lyon,2026-01-09T04:30:00,tickets,29,count
1133,C1332,lille,2026-01-09T04:40:00,tickets,5,count
1134,C1333,lyon,2026-01-09T04:50:00,returns,4,count
1135,C1334,lille,2026-01-09T05:00:00,returns,26,count
1136,C1335,grenoble,2026-01-09T05:10:00,tickets,1,count
1137,C1336,lyon,2026-01-09T05:20:00,sales,2433.35,eur
1138,C1337,toulouse,2026-01-09T05:30:00,returns,30,count
1139,C1338,lille,2026-01-09T05:40:00,tickets,20,count
1140,C1339,lille,2026-01-09T05:50:00,returns,21,count
1141,C1340,lille,2026-01-09T06:00:00,returns,22,count
1142,C1341,paris,2026-01-09T06:10:00,returns,5,count
1143,C1342,lyon,2026-01-09T06:20:00,tickets,0,count
1144,C1343,grenoble,2026-01-09T06:30:00,returns,1,count
1145,C1344,lyon,2026-01-09T06:40:00,sales,2697.29,eur
1146,C1345,lille,2026-01-09T06:50:00,returns,18,count
1147,C1346,paris,2026-01-09T07:00:00,tickets,16,count
1148,C1347,grenoble,2026-01-09T07:10:00,tickets,3,count
1149,C1348,grenoble,2026-01-09T07:20:00,tickets,26,count
1150,C1349,paris,2026-01-09T07:30:00,tickets,26,count
1151,C1350,toulouse,2026-01-09T07:40:00,tickets,14,count
1152,C1351,paris,2026-01-09T07:50:00,sales,4949.08,eur
1153,C1352,lyon,2026-01-09T08:00:00,tickets,26,count
1154,C1353,paris,2026-01-09T08:10:00,returns,27,count
1155,C1354,grenoble,2026-01-09T08:20:00,returns,8,count
1156,C1355,paris,2026-01-09T08:30:00,sales,2206.57,eur
1157,C1356,toulouse,2026-01-09T08:40:00,sales,1065.19,eur
1158,C1357,toulouse,2026-01-09T08:50:00,tickets,11,count
1159,C1358,lyon,2026-01-09T09:00:00,tickets,13,count
1160,C1359,lyon,2026-01-09T09:10:00,tickets,4,count
1161,C1360,toulouse,2026-01-09T09:20:00,sales,4031.09,eur
1162,C1361,grenoble,2026-01-09T09:30:00,returns,17,count
1163,C1362,lyon,2026-01-09T09:40:00,tickets,17,count
1164,C1363,grenoble,2026-01-09T09:50:00,returns,22,count
1165,C1364,grenoble,2026-01-09T10:00:00,returns,18,count
1166,C1365,paris,2026-01-09T10:10:00,tickets,28,count
1167,C1366,lille,2026-01-09T10:20:00,sales,4814.6,eur
1168,C1367,lyon,2026-01-09T10:30:00,sales,4962.58,eur
1169,C1368,lyon,2026-01-09T10:40:00,tickets,27,count
1170,C1369,grenoble,2026-01-09T10:50:00,sales,748.29,eur
1171,C1370,lille,2026-01-09T11:00:00,sales,3812.14,eur
1172,C1371,toulouse,2026-01-09T11:10:00,returns,4,count
1173,C1372,lille,2026-01-09T11:20:00,tickets,8,count
1174,C1373,paris,2026-01-09T11:30:00,returns,14,count
1175,C1374,paris,2026-01-09T11:40:00,tickets,25,count
1176,C1375,grenoble,2026-01-09T11:50:00,returns,16,count
1177,C1376,grenoble,2026-01-09T12:00:00,tickets,29,count
1178,C1377,lille,2026-01-09T12:10:00,returns,30,count
1179,C1378,paris,2026-01-09T12:20:00,returns,18,count
1180,C1379,lille,2026-01-09T12:30:00,tickets,2,count
1181,C1380,grenoble,2026-01-09T12:40:00,tickets,21,count
1182,C1381,lille,2026-01-09T12:50:00,sales,3982.48,eur
1183,C1382,lyon,2026-01-09T13:00:00,sales,4841.28,eur
1184,C1383,grenoble,2026-01-09T13:10:00,returns,8,count
1185,C1384,toulouse,2026-01-09T13:20:00,returns,10,count
1186,C1385,toulouse,2026-01-09T13:30:00,tickets,4,count
1187,C1386,grenoble,2026-01-09T13:40:00,returns,25,count
1188,C1387,paris,2026-01-09T13:50:00,tickets,24,count
1189,C1388,lille,2026-01-09T14:00:00,sales,515.88,eur
1190,C1389,lyon,2026-01-09T14:10:00,sales,638.7,eur
1191,C1390,paris,2026-01-09T14:20:00,returns,14,count
1192,C1391,lyon,2026-01-09T14:30:00,returns,6,count
1193,C1392,lyon,2026-01-09T14:40:00,tickets,9,count
1194,C1393,grenoble,2026-01-09T14:50:00,returns,2,count
1195,C1394,grenoble,2026-01-09T15:00:00,returns,2,count
1196,C1395,lyon,2026-01-09T15:10:00,tickets,28,count
1197,C1396,grenoble,2026-01-09T15:20:00,sales,1993.78,eur
1198,C1397,lyon,2026-01-09T15:30:00,tickets,22,count
1199,C1398,paris,2026-01-09T15:40:00,returns,20,count
1200,C1399,paris,2026-01-09T15:50:00,tickets,3,count
1201,C1000,lyon,2026-01-09T16:00:00,sales,2394.5,eur
1202,C1001,toulouse,2026-01-09T16:10:00,tickets,7,count
1203,C1002,paris,2026-01-09T16:20:00,tickets,14,count
1204,C1003,paris,2026-01-09T16:30:00,sales,3484.07,eur
1205,C1004,lyon,2026-01-09T16:40:00,returns,22,count
1206,C1005,lyon,2026-01-09T16:50:00,returns,2,count
1207,C1006,paris,2026-01-09T17:00:00,returns,2,count
1208,C1007,grenoble,2026-01-09T17:10:00,sales,1580.49,eur
1209,C1008,lyon,2026-01-09T17:20:00,sales,1925.95,eur
1210,C1009,lyon,2026-01-09T17:30:00,tickets,21,count
1211,C1010,paris,2026-01-09T17:40:00,sales,2661.93,eur
1212,C1011,lyon,2026-01-09T17:50:00,tickets,20,count
1213,C1012,lyon,2026-01-09T18:00:00,returns,11,count
1214,C1013,lyon,2026-01-09T18:10:00,tickets,23,count
1215,C1014,lille,2026-01-09T18:20:00,returns,19,count
1216,C1015,paris,2026-01-09T18:30:00,sales,451.71,eur
1217,C1016,toulouse,2026-01-09T18:40:00,sales,3767.18,eur
1218,C1017,grenoble,2026-01-09T18:50:00,tickets,12,count
1219,C1018,lyon,2026-01-09T19:00:00,returns,10,count
1220,C1019,paris,2026-01-09T19:10:00,sales,1399.3,eur
1221,C1020,toulouse,2026-01-09T19:20:00,sales,2775.92,eur
1222,C1021,grenoble,2026-01-09T19:30:00,tickets,19,count
1223,C1022,grenoble,2026-01-09T19:40:00,tickets,0,count
1224,C1023,toulouse,2026-01-09T19:50:00,sales,2598.39,eur
1225,C1024,grenoble,2026-01-09T20:00:00,sales,3744.26,eur
1226,C1025,lyon,2026-01-09T20:10:00,tickets,1,count
1227,C1026,paris,2026-01-09T20:20:00,returns,12,count
1228,C1027,toulouse,2026-01-09T20:30:00,sales,2507.92,eur
1229,C1028,paris,2026-01-09T20:40:00,sales,2650.87,eur
1230,C1029,grenoble,2026-01-09T20:50:00,returns,29,count
1231,C1030,toulouse,2026-01-09T21:00:00,sales,1946.45,eur
1232,C1031,toulouse,2026-01-09T21:10:00,returns,11,count
1233,C1032,lille,2026-01-09T21:20:00,tickets,5,count
1234,C1033,paris,2026-01-09T21:30:00,sales,103.11,eur
1235,C1034,paris,2026-01-09T21:40:00,sales,1325.68,eur
1236,C1035,lille,2026-01-09T21:50:00,sales,4744.43,eur
1237,C1036,toulouse,2026-01-09T22:00:00,tickets,9,count
1238,C1037,lille,2026-01-09T22:10:00,returns,13,count
1239,C1038,toulouse,2026-01-09T22:20:00,sales,3209.88,eur
1240,C1039,grenoble,2026-01-09T22:30:00,tickets,4,count
1241,C1040,toulouse,2026-01-09T22:40:00,sales,1563.34,eur
1242,C1041,lyon,2026-01-09T22:50:00,sales,4872.08,eur
1243,C1042,lille,2026-01-09T23:00:00,tickets,10,count
1244,C1043,paris,2026-01-09T23:10:00,tickets,20,count
1245,C1044,lille,2026-01-09T23:20:00,returns,22,count
1246,C1045,lyon,2026-01-09T23:30:00,tickets,30,count
1247,C1046,lille,2026-01-09T23:40:00,sales,1237.51,eur
1248,C1047,toulouse,2026-01-09T23:50:00,sales,2277.79,eur
1249,C1048,lyon,2026-01-10T00:00:00,sales,1560.26,eur
1250,C1049,lyon,2026-01-10T00:10:00,sales,83.07,eur
1251,C1050,lyon,2026-01-10T00:20:00,tickets,0,count
1252,C1051,grenoble,2026-01-10T00:30:00,returns,30,count
1253,C1052,grenoble,2026-01-10T00:40:00,tickets,16,count
1254,C1053,grenoble,2026-01-10T00:50:00,sales,1871.91,eur
1255,C1054,paris,2026-01-10T01:00:00,tickets,28,count
1256,C1055,lille,2026-01-10T01:10:00,sales,1688.35,eur
1257,C1056,paris,2026-01-10T01:20:00,returns,16,count
1258,C1057,toulouse,2026-01-10T01:30:00,returns,22,count
1259,C1058,lille,2026-01-10T01:40:00,tickets,2,count
1260,C1059,grenoble,2026-01-10T01:50:00,returns,16,count
1261,C1060,toulouse,2026-01-10T02:00:00,sales,2508.06,eur
1262,C1061,grenoble,2026-01-10T02:10:00,sales,1851.09,eur
1263,C1062,paris,2026-01-10T02:20:00,sales,4473.46,eur
1264,C1063,paris,2026-01-10T02:30:00,sales,3709.08,eur
1265,C1064,paris,2026-01-10T02:40:00,sales,4296.27,eur
1266,C1065,grenoble,2026-01-10T02:50:00,sales,248.99,eur
1267,C1066,lyon,2026-01-10T03:00:00,returns,29,count
1268,C1067,paris,2026-01-10T03:10:00,sales,4657.18,eur
1269,C1068,lille,2026-01-10T03:20:00,tickets,25,count
1270,C1069,lille,2026-01-10T03:30:00,sales,1622.57,eur
1271,C1070,grenoble,2026-01-10T03:40:00,tickets,10,count
1272,C1071,paris,2026-01-10T03:50:00,sales,2866.25,eur
1273,C1072,paris,2026-01-10T04:00:00,tickets,21,count
1274,C1073,toulouse,2026-01-10T04:10:00,sales,1131.46,eur
1275,C1074,paris,2026-01-10T04:20:00,sales,4771.32,eur
1276,C1075,grenoble,2026-01-10T04:30:00,returns,27,count
1277,C1076,paris,2026-01-10T04:40:00,returns,10,count
1278,C1077,paris,2026-01-10T04:50:00,tickets,14,count
1279,C1078,grenoble,2026-01-10T05:00:00,returns,6,count
1280,C1079,grenoble,2026-01-10T05:10:00,tickets,25,count
1281,C1080,lyon,2026-01-10T05:20:00,tickets,19,count
1282,C1081,toulouse,2026-01-10T05:30:00,returns,11,count
1283,C1082,lyon,2026-01-10T05:40:00,returns,24,count
1284,C1083,toulouse,2026-01-10T05:50:00,tickets,28,count
1285,C1084,lille,2026-01-10T06:00:00,sales,769.82,eur
1286,C1085,grenoble,2026-01-10T06:10:00,sales,1180.33,eur
1287,C1086,paris,2026-01-10T06:20:00,tickets,26,count
1288,C1087,lille,2026-01-10T06:30:00,returns,0,count
1289,C1088,grenoble,2026-01-10T06:40:00,tickets,23,count
1290,C1089,lyon,2026-01-10T06:50:00,sales,1041.87,eur
1291,C1090,paris,2026-01-10T07:00:00,returns,15,count
1292,C1091,paris,2026-01-10T07:10:00,sales,3564.03,eur
1293,C1092,toulouse,2026-01-10T07:20:00,sales,4607.95,eur
1294,C1093,grenoble,2026-01-10T07:30:00,returns,22,count
1295,C1094,paris,2026-01-10T07:40:00,returns,23,count
1296,C1095,toulouse,2026-01-10T07:50:00,tickets,3,count
1297,C1096,lille,2026-01-10T08:00:00,sales,3193.33,eur
1298,C1097,paris,2026-01-10T08:10:00,sales,2967.64,eur
1299,C1098,lyon,2026-01-10T08:20:00,returns,21,count
1300,C1099,grenoble,2026-01-10T08:30:00,sales,1472.55,eur
1301,C1100,grenoble,2026-01-10T08:40:00,returns,22,count
1302,C1101,grenoble,2026-01-10T08:50:00,returns,14,count
1303,C1102,lyon,2026-01-10T09:00:00,sales,391.94,eur
1304,C1103,toulouse,2026-01-10T09:10:00,sales,3904.09,eur
1305,C1104,lyon,2026-01-10T09:20:00,sales,793.94,eur
1306,C1105,grenoble,2026-01-10T09:30:00,returns,14,count
1307,C1106,toulouse,2026-01-10T09:40:00,returns,3,count
1308,C1107,lyon,2026-01-10T09:50:00,returns,30,count
1309,C1108,lille,2026-01-10T10:00:00,returns,9,count
1310,C1109,paris,2026-01-10T10:10:00,returns,27,count
1311,C1110,grenoble,2026-01-10T10:20:00,sales,804.92,eur
1312,C1111,toulouse,2026-01-10T10:30:00,tickets,22,count
1313,C1112,grenoble,2026-01-10T10:40:00,sales,1090.8,eur
1314,C1113,lyon,2026-01-10T10:50:00,sales,474.24,eur
1315,C1114,toulouse,2026-01-10T11:00:00,returns,12,count
1316,C1115,grenoble,2026-01-10T11:10:00,sales,3392.37,eur
1317,C1116,lille,2026-01-10T11:20:00,sales,174.79,eur
1318,C1117,toulouse,2026-01-10T11:30:00,returns,17,count
1319,C1118,paris,2026-01-10T11:40:00,sales,491.73,eur
1320,C1119,paris,2026-01-10T11:50:00,sales,624.84,eur
1321,C1120,lille,2026-01-10T12:00:00,sales,670.96,eur
1322,C1121,paris,2026-01-10T12:10:00,returns,21,count
1323,C1122,grenoble,2026-01-10T12:20:00,tickets,18,count
1324,C1123,paris,2026-01-10T12:30:00,sales,128.56,eur
1325,C1124,lille,2026-01-10T12:40:00,sales,4514.43,eur
1326,C1125,grenoble,2026-01-10T12:50:00,sales,478.05,eur
1327,C1126,lille,2026-01-10T13:00:00,sales,232.63,eur
1328,C1127,toulouse,2026-01-10T13:10:00,sales,856.59,eur
1329,C1128,lille,2026-01-10T13:20:00,returns,26,count
1330,C1129,lille,2026-01-10T13:30:00,returns,0,count
1331,C1130,lyon,2026-01-10T13:40:00,tickets,13,count
1332,C1131,lyon,2026-01-10T13:50:00,returns,6,count
1333,C1132,lille,2026-01-10T14:00:00,returns,8,count
1334,C1133,toulouse,2026-01-10T14:10:00,sales,192.55,eur
1335,C1134,grenoble,2026-01-10T14:20:00,tickets,7,count
1336,C1135,toulouse,2026-01-10T14:30:00,returns,13,count
1337,C1136,paris,2026-01-10T14:40:00,returns,1,count
1338,C1137,lyon,2026-01-10T14:50:00,returns,12,count
1339,C1138,toulouse,2026-01-10T15:00:00,returns,6,count
1340,C1139,toulouse,2026-01-10T15:10:00,sales,3161.16,eur
1341,C1140,grenoble,2026-01-10T15:20:00,sales,4947.23,eur
1342,C1141,lille,2026-01-10T15:30:00,returns,17,count
1343,C1142,toulouse,2026-01-10T15:40:00,returns,29,count
1344,C1143,lille,2026-01-10T15:50:00,tickets,10,count
1345,C1144,paris,2026-01-10T16:00:00,returns,5,count
1346,C1145,lyon,2026-01-10T16:10:00,returns,19,count
1347,C1146,grenoble,2026-01-10T16:20:00,sales,4480.91,eur
1348,C1147,lille,2026-01-10T16:30:00,sales,4047.1,eur
1349,C1148,toulouse,2026-01-10T16:40:00,tickets,11,count
1350,C1149,paris,2026-01-10T16:50:00,sales,4870.42,eur
1351,C1150,grenoble,2026-01-10T17:00:00,sales,3291.18,eur
1352,C1151,paris,2026-01-10T17:10:00,tickets,26,count
1353,C1152,lille,2026-01-10T17:20:00,sales,2886.95,eur
1354,C1153,lyon,2026-01-10T17:30:00,returns,29,count
1355,C1154,grenoble,2026-01-10T17:40:00,sales,1198.02,eur
1356,C1155,grenoble,2026-01-10T17:50:00,tickets,22,count
1357,C1156,grenoble,2026-01-10T18:00:00,tickets,0,count
1358,C1157,lyon,2026-01-10T18:10:00,tickets,18,count
1359,C1158,lyon,2026-01-10T18:20:00,tickets,30,count
1360,C1159,grenoble,2026-01-10T18:30:00,returns,17,count
1361,C1160,paris,2026-01-10T18:40:00,sales,2462.37,eur
1362,C1161,lyon,2026-01-10T18:50:00,sales,1178.46,eur
1363,C1162,paris,2026-01-10T19:00:00,sales,2641.71,eur
1364,C1163,toulouse,2026-01-10T19:10:00,returns,29,count
1365,C1164,grenoble,2026-01-10T19:20:00,sales,4036.1,eur
1366,C1165,grenoble,2026-01-10T19:30:00,tickets,5,count
1367,C1166,toulouse,2026-01-10T19:40:00,sales,129.13,eur
1368,C1167,lyon,2026-01-10T19:50:00,tickets,29,count
1369,C1168,grenoble,2026-01-10T20:00:00,sales,4235.47,eur
1370,C1169,lille,2026-01-10T20:10:00,sales,1880.48,eur
1371,C1170,grenoble,2026-01-10T20:20:00,tickets,3,count
1372,C1171,lyon,2026-01-10T20:30:00,returns,10,count
1373,C1172,lille,2026-01-10T20:40:00,sales,3667.11,eur
1374,C1173,lille,2026-01-10T20:50:00,tickets,30,count
1375,C1174,lyon,2026-01-10T21:00:00,tickets,10,count
1376,C1175,toulouse,2026-01-10T21:10:00,tickets,30,count
1377,C1176,toulouse,2026-01-10T21:20:00,tickets,28,count
1378,C1177,toulouse,2026-01-10T21:30:00,returns,7,count
1379,C1178,grenoble,2026-01-10T21:40:00,sales,1904.35,eur
1380,C1179,paris,2026-01-10T21:50:00,sales,904.99,eur
1381,C1180,toulouse,2026-01-10T22:00:00,tickets,30,count
1382,C1181,toulouse,2026-01-10T22:10:00,returns,27,count
1383,C1182,grenoble,2026-01-10T22:20:00,sales,926.77,eur
1384,C1183,toulouse,2026-01-10T22:30:00,tickets,7,count
1385,C1184,lyon,2026-01-10T22:40:00,sales,4684.71,eur
1386,C1185,paris,2026-01-10T22:50:00,returns,23,count
1387,C1186,grenoble,2026-01-10T23:00:00,sales,1747.11,eur
1388,C1187,paris,2026-01-10T23:10:00,sales,3188.21,eur
1389,C1188,grenoble,2026-01-10T23:20:00,tickets,21,count
1390,C1189,grenoble,2026-01-10T23:30:00,returns,0,count
1391,C1190,paris,2026-01-10T23:40:00,sales,1262.71,eur
1392,C1191,paris,2026-01-10T23:50:00,returns,8,count
1393,C1192,paris,2026-01-11T00:00:00,tickets,0,count
1394,C1193,lille,2026-01-11T00:10:00,returns,14,count
1395,C1194,lille,2026-01-11T00:20:00,sales,4425.07,eur
1396,C1195,toulouse,2026-01-11T00:30:00,returns,11,count
1397,C1196,lille,2026-01-11T00:40:00,returns,3,count
1398,C1197,lyon,2026-01-11T00:50:00,tickets,20,count
1399,C1198,paris,2026-01-11T01:00:00,sales,2267.41,eur
1400,C1199,grenoble,2026-01-11T01:10:00,returns,0,count
1401,C1200,paris,2026-01-11T01:20:00,returns,30,count
1402,C1201,lille,2026-01-11T01:30:00,sales,1722.2,eur
1403,C1202,toulouse,2026-01-11T01:40:00,sales,3665.29,eur
1404,C1203,toulouse,2026-01-11T01:50:00,sales,1702.99,eur
1405,C1204,paris,2026-01-11T02:00:00,returns,22,count
1406,C1205,lyon,2026-01-11T02:10:00,returns,30,count
1407,C1206,lille,2026-01-11T02:20:00,tickets,28,count
1408,C1207,grenoble,2026-01-11T02:30:00,sales,286.71,eur
1409,C1208,lille,2026-01-11T02:40:00,sales,4872.5,eur
1410,C1209,toulouse,2026-01-11T02:50:00,tickets,17,count
1411,C1210,grenoble,2026-01-11T03:00:00,returns,21,count
1412,C1211,paris,2026-01-11T03:10:00,returns,7,count
1413,C1212,toulouse,2026-01-11T03:20:00,sales,1976.65,eur
1414,C1213,paris,2026-01-11T03:30:00,returns,4,count
1415,C1214,lille,2026-01-11T03:40:00,returns,0,count
1416,C1215,toulouse,2026-01-11T03:50:00,sales,1486.86,eur
1417,C1216,paris,2026-01-11T04:00:00,returns,6,count
1418,C1217,grenoble,2026-01-11T04:10:00,sales,1050.63,eur
1419,C1218,paris,2026-01-11T04:20:00,sales,2378.38,eur
1420,C1219,lille,2026-01-11T04:30:00,returns,25,count
1421,C1220,grenoble,2026-01-11T04:40:00,returns,15,count
1422,C1221,lille,2026-01-11T04:50:00,sales,3216.49,eur
1423,C1222,lille,2026-01-11T05:00:00,sales,1867.68,eur
1424,C1223,lille,2026-01-11T05:10:00,returns,5,count
1425,C1224,lille,2026-01-11T05:20:00,sales,1331.21,eur
1426,C1225,grenoble,2026-01-11T05:30:00,returns,7,count
1427,C1226,lyon,2026-01-11T05:40:00,tickets,1,count
1428,C1227,paris,2026-01-11T05:50:00,tickets,21,count
1429,C1228,toulouse,2026-01-11T06:00:00,sales,3347.34,eur
1430,C1229,toulouse,2026-01-11T06:10:00,returns,24,count
1431,C1230,lille,2026-01-11T06:20:00,sales,2776.94,eur
1432,C1231,toulouse,2026-01-11T06:30:00,tickets,13,count
1433,C1232,lille,2026-01-11T06:40:00,tickets,27,count
1434,C1233,lyon,2026-01-11T06:50:00,tickets,28,count
1435,C1234,paris,2026-01-11T07:00:00,returns,9,count
1436,C1235,paris,2026-01-11T07:10:00,returns,28,count
1437,C1236,toulouse,2026-01-11T07:20:00,tickets,18,count
1438,C1237,toulouse,2026-01-11T07:30:00,tickets,21,count
1439,C1238,lille,2026-01-11T07:40:00,sales,619.0,eur
1440,C1239,lyon,2026-01-11T07:50:00,sales,4746.33,eur
1441,C1240,lyon,2026-01-11T08:00:00,sales,4046.13,eur
1442,C1241,lille,2026-01-11T08:10:00,sales,2128.41,eur
1443,C1242,lyon,2026-01-11T08:20:00,sales,4986.4,eur
1444,C1243,grenoble,2026-01-11T08:30:00,tickets,8,count
1445,C1244,paris,2026-01-11T08:40:00,tickets,29,count
1446,C1245,lille,2026-01-11T08:50:00,sales,1952.73,eur
1447,C1246,grenoble,2026-01-11T09:00:00,tickets,10,count
1448,C1247,paris,2026-01-11T09:10:00,tickets,14,count
1449,C1248,toulouse,2026-01-11T09:20:00,tickets,19,count
1450,C1249,lille,2026-01-11T09:30:00,tickets,25,count
1451,C1250,lyon,2026-01-11T09:40:00,sales,2083.92,eur
1452,C1251,toulouse,2026-01-11T09:50:00,tickets,18,count
1453,C1252,toulouse,2026-01-11T10:00:00,sales,4626.14,eur
1454,C1253,toulouse,2026-01-11T10:10:00,sales,3933.01,eur
1455,C1254,lille,2026-01-11T10:20:00,returns,28,count
1456,C1255,lille,2026-01-11T10:30:00,returns,12,count
1457,C1256,lille,2026-01-11T10:40:00,tickets,19,count
1458,C1257,lille,2026-01-11T10:50:00,sales,877.55,eur
1459,C1258,lille,2026-01-11T11:00:00,sales,3098.86,eur
1460,C1259,grenoble,2026-01-11T11:10:00,sales,1991.05,eur
1461,C1260,paris,2026-01-11T11:20:00,tickets,7,count
1462,C1261,grenoble,2026-01-11T11:30:00,tickets,15,count
1463,C1262,grenoble,2026-01-11T11:40:00,returns,0,count
1464,C1263,grenoble,2026-01-11T11:50:00,returns,9,count
1465,C1264,paris,2026-01-11T12:00:00,returns,27,count
1466,C1265,lille,2026-01-11T12:10:00,sales,689.24,eur
1467,C1266,lille,2026-01-11T12:20:00,returns,8,count
1468,C1267,paris,2026-01-11T12:30:00,tickets,20,count
1469,C1268,lille,2026-01-11T12:40:00,sales,2219.75,eur
1470,C1269,toulouse,2026-01-11T12:50:00,tickets,15,count
1471,C1270,paris,2026-01-11T13:00:00,returns,26,count
1472,C1271,lyon,2026-01-11T13:10:00,tickets,25,count
1473,C1272,toulouse,2026-01-11T13:20:00,sales,1569.39,eur
1474,C1273,toulouse,2026-01-11T13:30:00,returns,4,count
1475,C1274,lyon,2026-01-11T13:40:00,tickets,0,count
1476,C1275,lyon,2026-01-11T13:50:00,sales,4378.4,eur
1477,C1276,lille,2026-01-11T14:00:00,sales,1262.46,eur
1478,C1277,lyon,2026-01-11T14:10:00,sales,4591.79,eur
1479,C1278,lille,2026-01-11T14:20:00,returns,11,count
1480,C1279,paris,2026-01-11T14:30:00,tickets,12,count
1481,C1280,lyon,2026-01-11T14:40:00,tickets,0,count
1482,C1281,toulouse,2026-01-11T14:50:00,returns,15,count
1483,C1282,lille,2026-01-11T15:00:00,returns,5,count
1484,C1283,grenoble,2026-01-11T15:10:00,tickets,17,count
1485,C1284,grenoble,2026-01-11T15:20:00,returns,5,count
1486,C1285,paris,2026-01-11T15:30:00,tickets,26,count
1487,C1286,lille,2026-01-11T15:40:00,returns,0,count
1488,C1287,toulouse,2026-01-11T15:50:00,sales,831.28,eur
1489,C1288,lyon,2026-01-11T16:00:00,sales,4288.41,eur
1490,C1289,grenoble,2026-01-11T16:10:00,tickets,6,count
1491,C1290,toulouse,2026-01-11T16:20:00,tickets,13,count
1492,C1291,paris,2026-01-11T16:30:00,sales,4325.86,eur
1493,C1292,lyon,2026-01-11T16:40:00,returns,29,count
1494,C1293,toulouse,2026-01-11T16:50:00,tickets,5,count
1495,C1294,toulouse,2026-01-11T17:00:00,sales,1134.37,eur
1496,C1295,grenoble,2026-01-11T17:10:00,returns,22,count
1497,C1296,lille,2026-01-11T17:20:00,returns,28,count
1498,C1297,grenoble,2026-01-11T17:30:00,returns,14,count
1499,C1298,toulouse,2026-01-11T17:40:00,sales,2344.16,eur
1500,C1299,toulouse,2026-01-11T17:50:00,tickets,12,count
